date,CRUDE_PETRO,COCOA,COFFEE_ARABIC,COFFEE_ROBUS,TEA_MOMBASA,COCONUT_OIL,GRNUT_OIL,PALM_OIL,SOYBEANS,SOYBEAN_OIL,BARLEY,MAIZE,SORGHUM,RICE_05,WHEAT_US_HRW,SUGAR_WLD,iFOOD,iFATS_OILS,iGRAINS,iENERGY
1960M01,1.63,63.4,94.09,69.69,103.74,390,334,233,94,204,20.36,45,39,104.45,59.89,6.66,36.72,44.06,40.36,2.94
1960M02,1.63,60.8,94.69,68.87,103.74,379,341,229,91,201,20.41,44,39,103.54,60.99,6.79,36.14,42.76,40.04,2.94
1960M03,1.63,57.89,92.81,68.87,103.74,361,338,225,92,201,20.72,45,35,103.79,61.73,6.83,36.31,42.15,40.61,2.94
1960M04,1.63,59.83,93.03,68.45,103.74,338,333,225,93,207,20.64,45,35,100.97,60.99,6.81,36.56,42.57,40.19,2.94
1960M05,1.63,60.01,92,69.07,103.74,321,335,225,93,209,20.61,48,35,102.15,57.69,6.83,36.39,41.9,41.01,2.94
1960M06,1.63,59.44,91.23,69.69,103.74,287,334,219,91,218,20.13,47,36,103.13,55.48,6.66,35.7,41.19,40.31,2.94
1960M07,1.63,60.45,91.6,69.07,103.74,298,336,221,92,224,20.04,47,39.9,102.05,54.75,7.28,35.98,41.31,40.07,2.94
1960M08,1.63,58.82,92.92,69.88,103.74,292,336,225,93,237,20.13,47,39,109.71,55.12,7.41,36.46,41.97,40.95,2.94
1960M09,1.63,58.27,92.26,70.28,103.74,276,323,224,92,231,20.26,46,35,116.1,56.59,7.25,36.8,42.17,41.46,2.94
1960M10,1.63,58.58,92.37,70.68,103.74,280,310,222,88,237,19.72,42,35,115.21,56.95,5.38,34.95,40.86,39.74,2.94
1960M11,1.63,56.95,91.16,70.9,103.74,274,303,222,90,259,19.2,38,35,114.43,57.69,5.2,34.03,40.72,38.11,2.94
1960M12,1.63,52.38,90.06,69.69,103.74,252,301,223,93,259,19.63,40,36,112.66,58.05,6.35,35.42,42.22,38.83,2.94
1961M01,1.57,48.5,91.45,67.66,98.42,269,331,223,102,278,20.28,43,38,113.47,58.79,6.46,36.51,44.43,40.3,2.85
1961M02,1.57,48.81,91.67,67.66,98.42,281,349,228,114,303,20.53,44,39,109.52,59.16,6.26,37.79,47.69,40.37,2.85
1961M03,1.57,45.81,91.05,66.84,98.42,276,373,231,121,311,20.39,44,39,117.65,58.05,6.26,39.17,49.24,41.04,2.85
1961M04,1.57,43.54,90.17,66.45,98.42,269,369,233,129,322,20.14,43,38,115.17,57.32,6.68,39.99,51.82,40.23,2.85
1961M05,1.57,48.48,89.29,66.23,98.42,258,352,234,122,314,20.25,45,42,119.42,55.85,7.03,39.69,50.77,41.27,2.85
1961M06,1.57,49.07,88.91,66.64,98.42,243,330,233,114,295,19.88,44,45,121.4,54.38,6.55,38.59,48.1,40.81,2.85
1961M07,1.57,47.53,89.29,66.84,98.42,245,328,229,112,282,20.44,45,45,123.41,56.59,6.09,38.28,47.5,41.82,2.85
1961M08,1.57,47.95,89.35,66.84,98.42,248,321,226,101,276,20.68,44,44,119.63,58.79,5.36,37.53,46.47,41.38,2.85
1961M09,1.57,46.5,88.91,67.24,98.42,243,301,226,98,267,20.72,43,45,118.99,59.89,5.42,36.85,44.62,41.08,2.85
1961M10,1.57,46.03,88.52,67.24,98.42,236,293,226,98,270,21.57,47.64,40,120.32,60.26,5.27,36.95,43.99,43.24,2.85
1961M11,1.57,48.08,88.3,67.04,98.42,236,297,226,100,265,21.97,48.42,41,128.32,61.73,5.09,37.72,44.71,44.66,2.85
1961M12,1.57,53.97,87.74,66.64,98.42,237,319,226,101,265,22.12,48.42,41,120.1,62.46,4.87,37.47,44.98,43.92,2.85
1962M01,1.52,45.88,87.74,66.84,95.34,246.9,327.94,235.89,101.41,265,21.8,48.03,44.53,117.79,60.63,4.65,36.91,44.23,43.2,2.78
1962M02,1.52,49.45,87.7,66.84,95.34,248.6,299.28,237,100.59,259,21.95,48.03,44.53,119.18,61.36,4.98,36.95,43.74,43.48,2.78
1962M03,1.52,44.14,86.09,67.04,95.34,250.8,290.73,223.22,102.79,256,22.18,48.82,45.64,123.75,61.73,5.58,37.29,43.44,44.36,2.78
1962M04,1.52,46.47,84.66,67.44,95.34,260.7,281.64,220.46,104.44,254,22.27,48.82,46.52,130.84,62.1,5.71,37.42,43.51,45.17,2.78
1962M05,1.52,46.54,82.56,67.24,95.34,253.3,270.34,219.08,103.62,234,22.68,49.6,47.18,149.14,63.57,5.53,38,43.06,47.68,2.78
1962M06,1.52,47.29,80.47,67.24,95.34,239.5,264.59,216.33,102.24,215,22.83,49.6,47.18,144.11,64.3,5.62,37.81,42.63,47.28,2.78
1962M07,1.52,46.1,81.31,67.66,95.34,240.3,266.76,212.75,100.86,198,22.92,48.82,44.34,144.22,65.4,6.21,37.65,42.14,47.15,2.78
1962M08,1.52,45.88,81.9,68.45,95.34,244.7,265.1,209.16,95.35,198,22.88,47.24,42.55,142.92,66.51,6.46,37.37,41.68,46.54,2.78
1962M09,1.52,45,82.56,69.47,95.34,246.6,268.69,205.3,95.35,198,22.86,47.64,42.55,140.64,65.77,6.26,37.71,42.41,46.35,2.78
1962M10,1.52,43.65,81.09,69.47,95.34,253.5,251.6,196.76,97,212,22.67,47.64,42.77,142.95,64.3,6.66,37.06,41.14,46.34,2.78
1962M11,1.52,43.83,81.24,69.27,95.34,257.4,251.05,208.06,100.59,220,23.54,48.42,43.43,142.5,68.71,7.54,38.41,42.63,47.38,2.78
1962M12,1.52,45.33,81.79,71.69,95.34,272.3,254.36,210.82,102.24,215,23.86,51.18,45.19,121.07,67.61,8.82,38.36,42.94,46.09,2.78
1963M01,1.5,49.91,82.67,65.21,96.04,278.9,261.25,217.71,107.47,223,24.08,52.75,46.52,121.77,67.24,11.57,39.82,43.93,46.76,2.74
1963M02,1.5,54.39,80.31,61.38,96.04,272.5,264.83,217.71,109.96,231,24.37,53.15,47.18,123.35,68.34,13.05,40.65,44.33,47.29,2.74
1963M03,1.5,53.18,81.09,61.57,96.04,272.5,264.28,217.71,109.13,229,24.46,52.36,47.18,123.28,69.45,14.31,40.96,43.93,47.14,2.74
1963M04,1.5,56.31,80.8,61.57,96.04,278.3,261.52,217.71,107.2,229,24.68,51.97,46.3,122.38,70.92,16.47,41.84,43.38,47.14,2.74
1963M05,1.5,60.76,79.7,61.18,96.04,279.7,268.69,217.71,109.13,231,24.24,52.36,46.52,123.17,67.61,21.91,44.11,43.62,46.82,2.74
1963M06,1.5,56.22,79.92,61.18,96.04,282.5,274.47,219.91,108.3,231,23.17,55.51,48.28,128.13,58.42,21.54,44.24,44.14,47.08,2.74
1963M07,1.5,52.49,80.64,61.57,96.04,286.3,274.47,221.84,108.58,229,23.25,56.69,48.38,130.63,57.69,19.75,43.91,44.39,47.71,2.74
1963M08,1.5,52.1,80.47,61.18,96.04,291.8,264.55,224.6,105.82,207,23.25,55.51,47.84,129.86,58.42,14.13,41.92,43.81,47.26,2.74
1963M09,1.5,55.09,80.2,62.39,96.04,297.6,265.66,224.6,108.58,204,23.75,55.9,48.94,130.29,60.63,16.07,42.47,44.02,47.86,2.74
1963M10,1.5,58.07,80.42,62.59,96.04,303.7,275.58,227.35,116.84,234,24.14,53.15,48.98,128.72,65.04,23.04,45.74,45.73,47.3,2.74
1963M11,1.5,57.06,80.69,63.18,96.04,303.4,274.47,230.11,116.02,223,24.05,52.36,48.98,124.84,65.04,25.42,46.08,45.59,46.56,2.74
1963M12,1.5,57.23,79.98,65.21,96.04,288.8,272.27,231.76,114.09,212,24.28,53.54,48.98,121.54,65.04,22.62,45.45,46.14,46.71,2.74
1964M01,1.45,55.49,92.59,70.08,92.26,286.9,269.79,232.86,116.84,215,24.39,55.12,49.6,124.01,64.04,23.1,46.04,46.53,47.46,2.65
1964M02,1.45,50.77,94.14,72.11,92.26,271.4,258.49,232.59,112.71,209,24.42,52.75,49.9,119.06,66.14,19.91,44.31,45.48,46.31,2.65
1964M03,1.45,50.84,103.51,77.98,92.26,280.5,265.1,232.86,110.51,209,24.84,54.33,48.98,115.11,66.87,16.12,43.02,45.23,46.68,2.65
1964M04,1.45,47.84,100.42,81.61,92.26,280.3,273.1,232.86,106.65,204,25.19,55.51,48.06,116.89,67.61,17.11,43.54,44.25,47.49,2.65
1964M05,1.45,47.66,102.03,82.85,92.26,282.5,292.39,232.86,104.72,215,25.61,55.9,48.06,117.02,69.45,15.45,42.95,43.72,47.99,2.65
1964M06,1.45,49.54,100.53,84.66,92.26,294.9,317.19,233.96,104.44,212,24.95,56.3,47.4,119.18,65.04,11.55,41.5,43.97,47.63,2.65
1964M07,1.45,50.77,102.14,81.83,92.26,303.7,335.1,235.34,102.24,209,25.57,55.9,47.4,122.61,68.71,10.34,41.09,43.75,48.46,2.65
1964M08,1.45,49.85,104.9,81.83,92.26,303.1,323.53,235.62,104.44,223,25.42,54.72,47.62,122.92,68.71,9.33,40.49,44.03,47.99,2.65
1964M09,1.45,51.04,103.73,78.99,92.26,302.6,346.68,237.55,109.96,243,25.59,55.12,48.5,123.44,69.08,7.83,40.93,46.39,48.28,2.65
1964M10,1.45,50.9,103.79,77.38,92.26,311.4,370.65,250.77,114.09,270,25.2,52.8,47.4,121.48,68.71,7.69,41.19,48.05,47.04,2.65
1964M11,1.45,52.01,103.4,78.79,92.26,314.4,359.63,254.91,117.67,270,25.11,52.8,47.18,120.97,67.98,7.25,40.98,48.12,46.86,2.65
1964M12,1.45,50.18,100.53,76.37,92.26,326,372.86,261.25,121.8,317,25.41,54.33,48.72,119.08,67.98,5.91,41.34,50.43,47.31,2.65
1965M01,1.42,47,101.19,62.83,101.22,337.6,361.28,266.21,123.46,284,25.38,55.9,49.82,114.61,66.14,5.13,41.13,50.87,47.18,2.63
1965M02,1.42,41.91,103.84,63.71,101.22,356.9,373.13,283.02,128.42,303,24.68,56.69,49.82,115.94,61.36,4.76,42.24,53.54,46.83,2.63
1965M03,1.42,35.3,98.99,57.98,101.22,356.9,344.2,292.11,124.84,300,24.71,57.08,48.94,115.56,60.99,5.34,42.38,53.42,46.89,2.63
1965M04,1.42,34.57,97.44,54.7,101.22,356.9,325.73,297.62,123.46,295,24.6,57.48,47.84,113.29,59.89,5.12,42.47,53.67,46.63,2.63
1965M05,1.42,32.76,96.12,48.72,101.22,356.9,293.76,303.13,118.5,256,24.68,58.66,47.84,111.77,59.16,4.96,42.08,52.46,46.84,2.63
1965M06,1.42,29.06,98.11,61.31,101.22,420.5,296.52,294.87,122.08,256,24.45,58.26,47.84,110.88,58.05,4.12,41.7,52.51,46.38,2.63
1965M07,1.42,25.9,98.11,71.63,101.22,372.6,301.76,279.99,119.88,248,24.12,56.69,47.84,112.04,57.32,4.08,41.31,51.84,45.72,2.63
1965M08,1.42,32.58,100.09,79.5,101.22,334.8,299.28,257.66,110.78,234,24,55.12,47.4,116.92,57.69,3.77,39.66,48.18,45.64,2.63
1965M09,1.42,36.49,99.87,77.76,101.22,312,308.92,246.64,106.1,248,23.99,53.93,47.4,126.55,58.42,3.9,40.12,48.36,46.29,2.63
1965M10,1.42,37.06,100.97,80.73,101.22,331,324.08,250.22,104.44,284,23.6,51.57,46.52,126.65,58.05,4.28,40.11,48.46,45.25,2.63
1965M11,1.42,39.86,102.51,75.68,101.22,334.8,336.2,250.22,107.47,276,23.63,51.57,46.3,129.2,58.05,3.77,40,49.31,45.52,2.63
1965M12,1.42,45.88,103.18,79.36,101.22,330.7,322.15,248.57,112.99,256,24.3,55.12,47.62,132.06,58.42,3.83,40.06,48.43,47.37,2.63
1966M01,1.36,47.31,101.19,80.16,91.42,355.5,307.27,246.92,119.6,267,24.63,57.08,47.62,125.51,58.42,5.31,41.32,49.85,47.51,2.54
1966M02,1.36,47.18,97.22,75.77,91.42,348.6,299.69,248.02,121.8,273,24.74,57.08,48.5,124.79,58.79,4.89,41.2,49.87,47.5,2.54
1966M03,1.36,48.96,95.46,74.38,91.42,338.4,292.8,245.26,119.88,265,24.55,55.51,47.4,131.73,58.79,4.72,41.13,48.43,47.57,2.54
1966M04,1.36,53.33,95.46,76.06,91.42,331.2,285.77,233.69,122.08,267,24.65,55.9,46.96,143.04,58.79,4.52,41.57,48.33,48.93,2.54
1966M05,1.36,51.3,94.58,76.52,91.42,330.7,288.31,225.7,124.84,256,24.57,55.12,46.96,140.86,58.79,4.5,41.32,48.42,48.37,2.54
1966M06,1.36,52.67,92.37,74.1,91.42,332.1,288.31,225.42,130.62,256,25.54,57.08,46.74,144.45,62.1,3.7,42.33,50.81,50.15,2.54
1966M07,1.36,57.61,91.71,72.91,91.42,330.4,294.59,235.34,138.89,267,26.51,59.05,47.18,153.3,65.4,3.79,43.65,53.21,52.48,2.54
1966M08,1.36,57.3,91.71,71.89,91.42,319.1,304.84,239.75,140.27,276,27.51,62.6,50.49,150.39,67.61,3.59,44.52,53.97,54.05,2.54
1966M09,1.36,50.22,89.95,69.95,91.42,317.2,298.73,239.75,127.59,267,27.25,61.02,51.59,155.39,67.24,3.29,43.17,51.11,53.85,2.54
1966M10,1.36,50.84,88.85,71.71,91.42,303.1,291.84,230.93,120.15,251,26.72,58.66,48.72,164.26,66.14,3.37,41.94,48.39,53.61,2.54
1966M11,1.36,49.52,88.69,72,91.42,277.8,292.66,225.97,121.25,248,26.76,59.05,49.38,166.11,65.77,3.11,41.6,47.54,53.91,2.54
1966M12,1.36,54.92,87.28,71.52,91.42,300.4,310.85,230.93,120.98,245,27.51,61.41,51.37,142.6,67.61,2.98,41.79,48.77,52.74,2.54
1967M01,1.33,57.39,85.01,70.57,99.12,310,303.41,234.24,117.4,231,27.3,60.23,52.91,142.27,67.24,2.87,41.85,47.97,52.15,2.52
1967M02,1.33,60.78,84.41,72.86,99.12,316.9,297.07,230.66,116.84,225,27.3,59.05,52.91,151.45,67.98,3.7,41.72,47.13,52.75,2.52
1967M03,1.33,59.52,82.28,72.57,99.12,314.2,300.65,223.22,115.74,231,27.68,59.05,54.89,163.53,69.81,3.46,41.87,46.24,54.34,2.52
1967M04,1.33,57.54,85.08,74.71,99.12,305.1,292.39,223.22,116.29,227,27.27,57.87,54.23,168.53,68.34,4.52,42.09,45.86,54.12,2.52
1967M05,1.33,56.88,88.91,77.03,99.12,283.8,288.8,223.77,116.29,224,27.18,57.08,54.45,175.8,68.34,5.6,42.29,45.57,54.55,2.52
1967M06,1.33,57.92,90.92,78.24,99.12,319.7,293.76,229.28,117.4,226,26.89,57.08,52.91,184.54,66.51,5.47,43.07,46.82,55.16,2.52
1967M07,1.33,56.86,90.26,74.07,99.12,318.3,294.59,228.73,115.19,212,26.27,55.12,52.03,206.24,64.67,3.7,42.48,46.24,56.31,2.52
1967M08,1.33,58.55,87.61,71.76,99.12,310,291.56,228.73,111.13,210,25.65,51.97,50.26,207.22,63.93,3.62,41.79,45.78,54.96,2.52
1967M09,1.33,62.39,86.07,72.4,99.12,324.9,275.3,225.15,111.06,206,25.08,49.21,49.6,221.64,63.2,3.7,42.02,45.46,55.2,2.52
1967M10,1.33,60.78,84.72,72.95,99.12,350.5,259.04,221.56,109.96,203,24.98,48.03,49.38,224.12,63.57,4.28,42.06,45.11,55.03,2.52
1967M11,1.33,64.42,86.66,74.78,99.12,376.2,248.02,217.98,116.02,211,24.81,47.64,48.94,213.57,62.83,4.85,41.93,45.69,53.62,2.52
1967M12,1.33,64.71,85.12,75,99.12,386.7,250.85,194.87,113.38,196,24.59,46.9,50.26,213.57,62.1,4.7,40.66,43.5,53.19,2.52
1968M01,1.32,65.43,86.6,75.97,83.58,398,251.33,191.33,114.09,196,25.45,51.57,55.6,198.78,62.1,4.67,40.42,43.14,53.59,2.50
1968M02,1.32,63.21,86.91,75.66,83.58,412.2,255.34,191.33,114.56,193,25.56,51.18,58.1,207.03,62.83,4.61,41.1,43.19,54.43,2.50
1968M03,1.32,62.35,88.21,75.48,83.58,423,256.52,191.33,115.51,191,25.54,50,57,209.78,63.57,4.17,40.92,43.16,54.35,2.50
1968M04,1.32,62.88,88.6,75.33,83.58,435.8,259.59,188.97,113.14,190,24.89,48.03,57,197.01,61.73,3.88,40.09,42.7,51.86,2.50
1968M05,1.32,62.43,88.16,75.51,83.58,439.8,271.64,186.13,114.32,189,24.73,48.42,53.1,187.09,60.26,4.14,40.1,42.76,50.72,2.50
1968M06,1.32,61.33,88.8,75.66,83.58,406.8,279.2,174.79,111.96,178,24.9,47.64,51.3,179.34,61.73,3.84,38.85,41.33,49.84,2.50
1968M07,1.32,62.57,88.14,74.98,83.58,377.9,261.25,172.43,110.78,162,25.21,47.24,49.8,181.69,63.57,3.59,38.55,40.48,50.23,2.50
1968M08,1.32,65.26,86.62,74.76,83.58,385.5,266.68,150.23,105.82,157,24.87,44.88,46.9,177.69,63.93,3.37,37.07,38.38,48.88,2.50
1968M09,1.32,77.47,85.38,74.93,83.58,375.6,272.82,141.73,105.35,161,24.7,44.09,47.3,175.8,63.57,3.04,37.07,38.16,48.29,2.50
1968M10,1.32,83.05,85.45,74.01,83.58,373.7,269.75,141.73,104.17,166,24.89,44.88,48.8,163.72,63.57,3.9,37.02,38.03,47.35,2.50
1968M11,1.32,96.61,84.86,72.33,83.58,376,284.63,143.14,108.89,173,25.67,49.21,52,157.14,63.2,5.09,37.72,38.65,48.42,2.50
1968M12,1.32,102.47,82.67,70.94,83.58,386.9,320.06,152.83,111.02,181,25.57,48.42,53.9,159.89,63.2,6.02,38.41,39.51,48.38,2.50
1969M01,1.27,93.78,82.61,70.66,71.96,398.7,319.59,158.26,111.49,181,25.96,50.39,53.2,162.35,63.2,6.35,39.03,40.12,49.47,2.42
1969M02,1.27,91.05,84.19,70.81,71.96,396.4,346.05,158.26,109.36,185,25.94,50.39,54.1,160.48,62.83,6.88,39.17,40.08,49.21,2.42
1969M03,1.27,89.84,82.94,68.72,71.96,388.1,347.82,179.52,110.55,178,25.84,50.39,53.1,166.96,62.1,7.74,40.43,41.38,49.77,2.42
1969M04,1.27,87.59,81.35,65.89,71.96,376.3,340.14,170.07,110.07,167,26.09,51.57,51.9,165.2,62.1,8.05,40.42,40.44,50.08,2.42
1969M05,1.27,80.89,80.93,64.97,71.96,353.1,345.17,166.29,112.44,170,26.61,54.33,49.9,171.09,62.1,8.05,41.3,40.48,51.86,2.42
1969M06,1.27,89.29,79.5,67.72,71.96,339,315.1,165.35,109.6,173,26.58,54.33,49,178.75,61.73,8.03,41.57,40.44,52.61,2.42
1969M07,1.27,93.12,77.76,68.72,71.96,326.9,323.37,161.8,101.57,180,26.27,53.93,51.5,180.51,60.26,7.65,40.73,39.11,52.37,2.42
1969M08,1.27,91.43,81.26,72.46,71.96,330.7,309.91,171.49,99.21,181,25.42,53.54,54.2,171.58,56.22,6.5,40.37,39.72,50.57,2.42
1969M09,1.27,90.08,90.26,76.3,71.96,332.6,318.88,180.94,100.86,200,24.54,51.18,56.8,167.55,53.65,6.04,39.96,40.54,48.7,2.42
1969M10,1.27,91.86,104.01,84.5,71.96,336.6,331.09,203.14,102.99,240,24.38,51.87,57.4,167.36,52.18,6.5,40.98,43.33,48.72,2.42
1969M11,1.27,93.21,102.47,82.08,71.96,357.4,346.64,203.14,106.53,260,24.63,53.16,57.5,167.55,52.18,6.7,41.44,44.15,49.28,2.42
1969M12,1.27,85.12,104.79,82.85,71.96,399.4,334.54,255.11,106.29,251,24.54,52.36,56.5,161.07,52.18,6.22,42.62,48.42,48.27,2.42
1970M01,1.21,67.5,113.69,86.2,88.76,405.8,349.83,255.34,107,252,25.53,58.4,51.8,140.45,52.18,7.91,44.01,49.21,48.63,3.09
1970M02,1.21,67.5,114.53,84.74,88.76,406.28,346.99,256.29,110,257,25.57,58.4,51.8,133.38,52.18,6.9,43.83,49.78,47.89,3.09
1970M03,1.21,67.5,117.11,86.79,88.76,406.28,343.45,258.88,111,268,25.61,58.4,51.8,126.31,52.18,7.45,43.93,49.7,47.14,3.09
1970M04,1.21,67.5,120.28,91.29,88.76,406.28,358.57,267.62,112,298,25.65,58.4,51.8,121.59,52.18,7.87,44.43,51.17,46.65,3.09
1970M05,1.21,67.5,121.7,94,88.76,399.19,383.84,278.73,115,292,25.7,58.4,51.8,121.59,52.18,8.05,45.01,52.25,46.65,3.09
1970M06,1.21,67.5,120.61,92.99,88.76,389.74,383.37,277.07,118,288,25.74,58.4,51.8,123.95,52.18,8.42,45.26,52.74,46.9,3.09
1970M07,1.21,67.5,121.21,94.25,88.76,389.74,385.73,261.01,122,290,25.86,58.4,51.8,124.93,52.54,8.42,44.99,52.5,47.07,3.09
1970M08,1.21,67.5,118.28,94.47,88.76,377.93,392.11,240.22,120,270,26.24,58.4,51.8,128.08,54.01,8.41,44.29,50.43,47.66,3.09
1970M09,1.21,67.5,116.03,93.87,88.76,381,364.47,226.29,119,276,26.77,58.4,51.8,125.72,56.22,8.53,44.02,49.31,47.79,3.09
1970M10,1.21,67.5,111.97,94.16,88.76,398.48,390.22,257.47,123,304,27.37,58.4,51.8,124.44,58.79,8.66,45.53,52.48,48.11,3.09
1970M11,1.21,67.5,102.78,91.6,88.76,401.56,406.28,269.99,125,330,27.88,58.4,51.8,124.84,60.99,9.01,46.35,54.36,48.54,3.09
1970M12,1.21,67.5,97.75,91.91,88.76,403.92,437.69,271.64,121,311,28.39,58.4,51.8,120.42,63.2,9.06,46.18,53.88,48.46,3.09
1971M01,1.64,53.8,100.31,92.99,90.16,409.82,448.32,273.29,125,309,28.51,58.4,55.77,121.4,63.57,10.4,46.79,54.24,48.63,3.90
1971M02,1.64,53.8,98.33,92.97,90.16,393.4,479.5,273.29,125,297,28.56,58.4,55.77,105.1,63.57,10.63,46.21,53.46,46.91,3.90
1971M03,1.64,53.8,101.43,94.07,90.16,401.56,481.87,278.02,124,300,28.45,58.4,55.77,98.91,62.83,10.34,46.05,53.71,46.13,3.90
1971M04,1.64,53.8,98.94,94,90.16,388.8,462.97,269.28,119,292,28.42,58.4,55.77,95.67,62.46,10.05,45.31,52.09,45.73,3.90
1971M05,1.64,53.8,101.83,94,90.16,359.04,453.52,242.82,122,293,28.62,58.4,55.77,105.98,63.2,9.61,44.87,50.68,46.94,3.90
1971M06,1.64,53.8,100.22,93.41,90.16,354.31,441.24,240.93,127,310,28.28,58.4,55.77,109.22,61.36,9.15,45.04,51.71,46.97,3.90
1971M07,1.74,53.8,99.27,92.83,90.16,351.01,439.58,263.37,134,336,28.33,58.4,55.77,111.48,61.36,9.2,46.37,54.91,47.21,4.06
1971M08,1.74,53.8,100.51,92.99,90.16,355.49,439.64,282.56,131,335,28.3,58.4,55.77,113.35,60.99,9.37,47,56.14,47.34,4.06
1971M09,1.74,53.8,96.45,92.44,90.16,356.72,429.75,272.24,124,296,28.35,58.4,55.77,120.61,60.99,8.79,45.54,52.72,48.11,4.06
1971M10,1.74,53.8,94.31,91.91,90.16,357.94,404.03,253.99,125,305,28.24,58.4,55.77,121.69,60.26,9.28,45.41,51.9,48.1,4.06
1971M11,1.74,53.8,96.58,92.55,90.16,358.23,396.01,247.82,125,301,28.28,58.4,55.77,118.06,60.26,9.35,45.09,51.47,47.72,4.06
1971M12,1.74,53.8,102.07,93.74,90.16,300,410.95,233.69,126,271,28.25,58.4,55.77,116.98,59.89,12.75,45.59,49.45,47.54,4.06
1972M01,1.77,64.4,99.05,92.97,81.06,300,426.69,218.34,125,249,27.06,51.33,53.08,113.84,59.89,17.41,46.21,48.27,44.24,4.23
1972M02,1.77,64.4,99.96,93.08,81.06,250,437.61,185.17,127,246,27.18,51.72,53.46,112.56,59.89,18.1,45.71,46.03,44.27,4.23
1972M03,1.77,64.4,101.92,94.95,81.06,210,434.41,216.68,135,258,27.37,52.51,53.57,113.05,59.89,18.5,47.55,49.94,44.65,4.23
1972M04,1.77,64.4,101.15,96.27,81.06,200,439.9,227.34,140,272,27.7,53.68,53.68,111.58,60.26,15.6,47.44,51.82,45.06,4.23
1972M05,1.77,64.4,103.77,96.47,81.06,220,441.52,227.51,140,252,27.89,54.48,51.53,114.13,60.26,14.62,47.08,51.45,45.66,4.23
1972M06,1.77,64.4,106.97,96.25,81.06,248.46,422.12,216.13,138,234,27.57,52.9,49.82,118.35,59.89,13.95,46.36,50.37,45.38,4.23
1972M07,1.87,64.4,123.61,104.39,81.06,222.41,403.2,214.6,141,226,27.91,54.07,51.92,119.33,60.26,12.25,46.11,51.13,46.04,4.39
1972M08,1.87,64.4,120.09,104.06,81.06,217.02,413.54,220.64,141,223,28.63,55.66,54.94,135.55,62.1,13.78,47.61,51.37,48.74,4.39
1972M09,1.87,64.4,116.87,103.46,81.06,226,412.33,224.87,135,225,32.15,59.2,58.2,144.8,76.06,15.58,50.05,52.7,53.64,4.39
1972M10,1.87,64.4,117.79,103.68,81.06,232,401.48,224.02,136,228,33.93,57.22,56.88,148.7,87.45,16.33,50.7,52.43,55.19,4.39
1972M11,1.87,64.4,118.59,104.43,81.06,234.96,422.59,218.54,148,240,34.65,59.2,61.95,156,88.92,16.04,52.64,55.92,57.05,4.39
1972M12,1.87,64.4,121.74,105.29,81.06,247.87,455.82,213.26,174,234,38.75,67.06,75.83,165.5,102.88,20.17,59.62,63.15,63.78,4.39
1973M01,2.08,113.1,127.8,105.4,82.04,231,445.79,211.77,214,239,42.1,79.13,81.35,160.88,108.39,20.72,63.72,68.72,69.33,5.02
1973M02,2.08,113.1,145.42,109.19,82.04,299,460.54,258.66,259,291,40.76,81.1,78.48,173.53,98.84,19.79,69.47,81.65,69.84,5.02
1973M03,2.08,113.1,141.93,110.98,82.04,315,462.7,280.36,258,311,40.56,79.92,76.28,185.87,98.47,19.33,70.17,82.58,70.59,5.02
1973M04,2.35,113.1,129.1,107.76,82.04,360,473.56,290.2,260,333,40.72,77.77,74.51,185.87,101.05,19.82,71.41,86.45,70.13,5.45
1973M05,2.35,113.1,141.51,107.45,82.04,416,493.84,323.83,358,373,42.94,88.97,78.48,185.87,102.15,20.01,83.51,112.16,75.04,5.45
1973M06,2.35,113.1,141.47,107.76,84.93,457,524.81,371.41,470,455,46.21,101.17,87.3,185.87,108.39,20.67,98.52,144.14,81.25,5.45
1973M07,2.7,113.1,135.67,105.82,84.93,552,593.56,472.85,330,550,48.8,109.44,99.65,332.53,114.64,20.98,107.93,152.18,101.27,6.00
1973M08,2.7,113.1,133.07,104.5,84.93,573,597.88,536.33,331,548,64.47,122.43,113.32,377.7,192.54,19.77,104.66,126.02,124.94,6.00
1973M09,2.7,113.1,132.72,110.45,84.93,550,533.73,424.13,266,508,61.22,107.08,105.82,377.7,189.6,19.77,90.36,97.2,117.97,6.00
1973M10,4.1,113.1,137.79,114.64,84.93,617,560.68,434.92,245,531,60.08,106.39,109.24,337.7,182.25,20.96,88.43,95.7,112.21,8.22
1973M11,4.1,113.1,139.31,116.84,84.93,718,617.23,429.29,239,490,60.41,107.87,106.7,475.9,181.88,22.35,93.32,96.39,127.34,8.22
1973M12,4.1,113.1,142.35,119.05,84.93,1068,789.7,496.71,254,603,64.08,112.59,109.57,495.54,199.52,26.12,102.26,109.91,134.43,8.22
1974M01,13,156.1,153.04,122.66,113.68,1191,958.77,578.77,261,665,66.15,112.28,115.79,512.23,213.48,33.42,108.72,116.26,138.46,23.59
1974M02,13,156.1,164.66,133.49,113.68,1160,1093.4,667.24,271,780,70.94,131.1,121.31,539.73,220.46,46.5,120.25,124.23,150.49,23.59
1974M03,13,156.1,157.54,138.27,113.68,1266,1123.83,632.88,265,711,65.65,126.37,113.54,570.17,190.7,46.52,116.65,119.82,146.61,23.59
1974M04,10.6,156.1,154.98,141.16,113.68,1150,1113.36,613.85,235,660,58.92,114.17,103.07,603.56,162.04,47.62,111.23,110.52,140.06,19.79
1974M05,10.6,156.1,156.57,142.26,113.68,996,1102.24,591.5,229,775,55.37,113.7,95.9,598.65,141.46,52.1,111.31,108.5,135.8,19.79
1974M06,10.6,156.1,158.98,136.24,113.68,1039,1070.19,603.31,228,788,58.48,116.63,93.7,570.42,155.79,51.83,110.8,107.86,136.53,19.79
1974M07,10,156.1,152.32,130.36,113.68,1007,1010.85,609.64,276,872,63.52,132.28,116.02,494.56,169.02,55.18,116.81,116.88,137.4,18.84
1974M08,10,156.1,137.9,123.48,113.68,1053,1085.19,727.84,320,922,65.54,145.82,127.87,496.52,167.55,67.53,130.21,135.07,143.05,18.84
1974M09,10,156.1,120.39,118.87,113.68,826,1057.69,706.65,303,933,65.48,141.43,128.7,491.86,170.49,75.29,130.28,129.5,141.23,18.84
1974M10,10.3,156.1,125.18,121.12,113.68,875,1139.17,840.17,335,1045,70.97,151.57,149.25,478.36,192.17,87.08,144.04,148.25,147.81,19.31
1974M11,10.3,156.1,130.69,122.71,113.68,748,1085.08,767.53,312,943,69.06,144.09,146.17,436.62,187.39,123.77,149.57,133.98,139.44,19.31
1974M12,10.3,156.1,129.59,121.65,113.68,660,1082.88,689.26,288,892,69.12,145.27,139.99,413.3,185.92,98.94,135.66,125.17,137.23,19.31
1975M01,10.42,124.6,123.11,119.75,112.42,548,1078,589.4,256,775,63.23,131.73,118.83,376.72,164.24,84.45,120.02,108.36,123.95,20.54
1975M02,10.42,124.6,117.88,115.5,112.42,467,1078,497.67,231,661,59.48,120.47,109.13,381.38,153.22,74.91,108.72,94.58,117.8,20.54
1975M03,10.42,124.6,110.34,109.43,112.42,450,965,478.26,226,622,58.47,120.17,111.06,374.02,147.34,58.2,100.87,91.8,115.89,20.54
1975M04,10.42,124.6,105.03,108.09,112.42,428,882,451.1,229,624,57.19,119.66,111.61,377.7,140.36,52.8,98.86,90.94,114.86,20.54
1975M05,10.42,124.6,112.1,104.76,112.42,355,727,391.74,208,516,54.76,114.52,110.12,365.43,131.54,39.09,88.28,80.84,109.88,20.54
1975M06,10.42,124.6,123.3,108.77,112.42,333,660,356,207,525,54.74,119.1,105.82,324.92,127.13,30.09,82.81,78.37,106.77,20.54
1975M07,10.43,124.6,144.78,129.36,112.42,372,813,401.98,224,578,58.39,119.82,103.39,307.73,145.14,36.8,88.37,85.91,108.39,20.55
1975M08,10.43,124.6,184.04,169.86,112.42,388,908,472.61,243,599,63.67,131.56,122.36,323.69,162.77,41.02,96.55,95.09,118.06,20.55
1975M09,10.43,124.6,178.31,167.77,112.42,368,871,412.35,227,551,62.7,122.31,118.17,336.21,165.71,34.17,90.89,87.88,116,20.55
1975M10,10.46,124.6,177.23,161.09,108.55,347,840,412.19,211,495,61.13,116.87,114.84,332.53,161.67,31.01,87.29,84.17,112.63,20.60
1975M11,10.46,124.6,170.9,157.43,98.06,327,755,378.8,192,423,57.44,110.26,108.85,309.45,146.97,29.69,80.9,76.68,104.88,20.60
1975M12,10.46,124.6,183.53,163.2,97.38,339,713,367.93,185,391,56.54,109.15,108.3,287.36,142.57,29.08,79.04,75.07,101.32,20.60
1976M01,11.51,140.46,204.7,174.45,123.36,332,720,353.88,189,385,57.04,110.26,108.58,259.86,143.67,30.91,79.61,74.63,99.09,22.40
1976M02,11.51,143.41,218.74,182.23,123.12,336,734,365.84,191,390,59.32,113.24,110.07,233.35,152.85,29.76,80.3,76.33,99.13,22.40
1976M03,11.51,141.51,219.58,181.59,121.9,349,669,375.79,190,399,59.32,113.06,110.51,228.44,152.49,32.61,81.79,76.82,98.48,22.40
1976M04,11.51,163.89,270.02,237.63,121.25,347,701,348.4,190,384,57.81,111.1,107.8,226.47,145.5,30.97,79.96,74.7,96.25,22.41
1976M05,11.51,176.85,298.64,268.16,120.92,355,643,344.8,210,370,58.47,118.2,107.8,226.47,141.83,32.06,82.79,78.97,98.6,22.41
1976M06,11.51,192.42,329.77,286.73,120.4,380,671,394.8,248,408,60.01,121.8,109.5,222.84,146.24,28.64,87.53,93.8,100.5,22.43
1976M07,11.6,195.7,302.56,278.42,120.59,455,420,450.5,264,457,59.26,121.3,113,222.74,142.2,29.12,89.14,98.51,99.58,22.57
1976M08,11.6,212.19,338.48,291.58,120.89,451,748,431,248,456,55.39,116.1,101.3,223.53,126.4,22.09,83.51,94.18,94.74,22.58
1976M09,11.6,239.05,351.33,302.2,121.44,484,808,456.5,261,505,53.95,115,105.9,244.93,119.78,17.92,84.15,99.4,95.39,22.58
1976M10,11.9,259.35,382.15,334.87,121.61,481,829,443.6,254,495,50.84,106.2,98.1,250.04,111.33,17.7,81.43,96.79,90.77,23.07
1976M11,11.9,292.53,403.42,388.58,121.53,499,834,456.5,260,506,48.66,98.7,93.5,239.24,106.56,17.37,80.51,99.11,85.65,23.08
1976M12,11.9,297.54,456.6,449.64,121.62,553,777,456.8,269,505,49.47,103.5,96.5,238.26,106.19,16.64,82.21,101.99,87.5,23.08
1977M01,12.5,345,482.72,476.76,208.29,546,933,462,287,502,51.42,111.6,99.7,239.53,108.76,18.39,86.37,106.73,91.49,24.60
1977M02,12.5,381.77,541.19,543.14,207.84,576,856,507,293,553,51.74,110.6,99.5,235.11,110.6,18.94,88.92,111.29,90.93,24.63
1977M03,12.5,403.42,670.58,674.8,208.2,735,871,598,328,630,50.61,108,98,242.48,106.92,19.8,95.43,126.55,89.97,24.66
1977M04,12.45,358.78,700.36,688.35,208.79,793,881,647,384,782,49.29,105.8,93.6,232.56,102.15,22.13,102.45,144.42,87.17,24.59
1977M05,12.45,378.31,628.89,594.26,208.99,718,897,659,371,741,46.94,100.9,91.7,237.67,94.8,19.86,99.27,140.6,84.37,24.59
1977M06,12.45,425.36,577.81,493.87,209.07,620,848,619,326,666,45.55,94.5,84.2,244.64,92.96,17.35,91.24,125.77,82.1,24.62
1977M07,12.63,436.29,484.88,433.18,211.02,513,804,520,252,548,44.77,85,80.3,251.22,96.64,16.29,79.55,101.23,79.44,24.91
1977M08,12.63,397.01,439.6,448.26,209.91,451,807,493,230,498,43.09,76.9,75.7,254.95,95.53,16.78,75.69,93.5,76.23,24.91
1977M09,12.63,385.15,417.78,444.22,208.91,463,773,459.5,205,512,44.34,78.3,76.8,254.95,99.94,16.12,74.2,89.17,77.59,24.91
1977M10,12.68,369.34,377.03,383.44,210.67,479,794,450,209,490,46.19,83.2,81,256.91,103.98,15.63,75,89.07,80.57,25.00
1977M11,12.68,348.18,434.66,367.52,212.71,505,852,444.8,236,500,49.76,93.4,90,274.1,111.7,15.59,79.24,94.21,88.02,24.99
1977M12,12.68,319.47,447.14,371.62,215.75,539,917,501,241,541,50.93,96,89.9,302.58,114.64,17.84,84.13,100,92.64,25.00
1978M01,12.66,297.91,454.5,390.5,156.04,541,956,514,239,522,50.9,95.8,88.4,317.31,114.27,19.33,85.67,100.41,94.04,25.28
1978M02,12.66,282.59,435.61,384.83,156.53,561,910,558,239,534,52.23,101,89.9,341.07,115.74,18.7,88.45,102.3,99,25.21
1978M03,12.66,338.19,385.76,347.53,158.05,650,1020,598,273,629,54.96,106.1,95.6,373.77,124.19,17.06,95.62,114.58,106.06,25.22
1978M04,12.68,344.25,393.68,319.22,158.55,600,1127,603,290,624,57.36,111.5,101.1,388.5,130.81,16.73,98.87,117.48,111.04,25.24
1978M05,12.7,313.56,373.97,300.02,156.43,596,1128,624,290,657,56.38,112.69,101.8,386.54,124.56,16.16,99.19,119.39,110.25,25.45
1978M06,12.73,299.21,371.48,333.2,157.96,646,1106,654,278,631,55.77,106.55,97.05,381.14,126.4,15.94,96.47,118.43,107.42,25.64
1978M07,12.77,316.36,294.98,278.97,160.55,644,1042,622,266,586,54.27,97.26,90.61,362.23,127.13,14.18,92.06,113.69,101.65,25.69
1978M08,12.79,336.12,304.72,283.18,163.33,657,1044,585,262,587,53.4,92.02,88.02,344.31,127.5,15.61,90.31,110.17,97.62,25.74
1978M09,12.8,375.05,342.44,323.86,163.69,777.5,1210,615,264,630,53.91,90.99,87.25,347.01,130.81,18.01,94.05,115.29,98.04,25.76
1978M10,12.85,382.74,339.64,330.96,167.7,805,1194,623,271,637,56.26,95.94,93.81,338.42,137.42,19.75,97.08,118.59,100.37,25.84
1978M11,13.2,403.03,322.23,318.04,165.63,835,1191,604,270,620,57.34,100.54,96.47,294.23,137.79,17.66,95.38,117.37,97.72,26.40
1978M12,14.5,394.78,288.98,291.19,164.91,886,1022,604,278,627,56.75,98.52,96.05,273.36,136.32,17.64,95.93,119.29,94.42,28.48
1979M01,17.45,365.55,283.49,293.77,163.24,966,976,636,284,616,58.48,105.41,97.06,278.52,137.79,16.69,98.09,121.88,98.13,33.92
1979M02,20.75,350.29,271.19,292.11,162.46,981,969,694,298,653,59.38,107.01,97.83,279.5,140.36,18.14,102.19,128.6,99.35,39.17
1979M03,22.02,339.62,287.35,298.09,162.41,986,972,688,310,669,59.89,109.52,99.21,293,139.99,18.65,104.04,130.03,101.77,41.22
1979M04,22.43,324.78,305.63,312.62,161.77,1062,970,666,300,648,60.36,111.49,98.27,295.46,139.99,17.24,103.6,127.06,102.87,41.86
1979M05,33.5,335.87,330.23,325.58,160.38,1056,925,665,300,636,61.31,112.57,100.49,296.78,143.3,17.31,103.74,126.8,104.04,59.43
1979M06,34.67,348.07,425.89,416.21,161.01,1062,893,675,322,673,67.6,120.35,109.46,303.31,167.92,17.95,108.54,132.89,112.28,61.30
1979M07,33.5,325.2,448.99,432.41,164.34,1095,913,678,322,690,70.88,130.51,118.9,304.05,174.53,18.78,109.19,131.89,117.78,59.46
1979M08,34,313.54,435.3,401.11,164.07,1002,867,652,302,682.2,67.73,118.85,111.38,328.43,169.02,19.56,106.03,126.24,114.49,60.39
1979M09,35.5,322.25,457.17,422.93,164.5,905,872,640,292,691,68.6,117.96,112.6,338.17,174.16,21.82,107.31,124.47,116.04,62.76
1979M10,37.25,305.91,462.07,406.4,164.13,907,812,602,283,671,69.68,119.1,116.2,340.38,178.21,26.2,107.65,120.32,117.45,65.67
1979M11,40.75,301.64,455.74,390.9,163.18,907,775,620,281,670,69.61,118.2,117.7,342.35,178.21,30.3,110.33,122.9,117.29,71.22
1979M12,39.75,318.68,428.31,390.2,165.51,885,720,630,279,647,69.45,115.3,118.2,356.88,180.04,32.9,112,123.03,117.92,69.65
1980M01,39,316.75,380.78,357.13,184.26,885,744,662,268,609,66.58,105.4,111.5,372.79,175.63,38.1,112.92,122.23,114.65,69.41
1980M02,37.25,323.68,371.02,355.21,183.32,840,778,672,271,610,66.58,113.9,118.3,376.52,172.7,50,118.03,122.37,118.08,66.67
1980M03,37,309.1,411.73,372.25,178.55,760,720,637,264,580,69.9,110.4,114.6,392.72,163.51,43.3,112.85,118.45,116.94,66.30
1980M04,36.58,291.07,405.28,364.64,177.01,660,708,611,252,552,69.9,108.2,114.5,395.97,156.53,46.8,111.67,114.32,115.22,66.36
1980M05,37.05,258.58,423.15,388.48,182.07,618,733,584,260,562,68.24,110,116.5,410.4,161.3,68.16,119.75,111,118.21,67.20
1980M06,37,249.81,405.03,376.13,184.24,630,713,555,262,570,64.93,113.6,119.4,418.94,157.63,67.9,118.72,108.56,119.86,67.19
1980M07,35.38,246.48,351.64,328.09,185.32,648,860,545,303,635,86.53,128.9,133,418.94,168.65,60.9,122.86,117.23,128.87,64.66
1980M08,32.95,231.22,310.01,294.96,183.21,620,914,518,309,636,81.56,143.45,143.02,418.94,171.23,70.28,128.71,117.34,135.12,61.16
1980M09,32.83,238.6,285.59,275.67,183.99,590,928,509,335,615,78.24,140.8,141.8,418.94,179.68,76.49,133.59,122.33,135.3,61.03
1980M10,37.35,230.5,283.73,272.42,182.69,580,934,507,340,592,88.18,140.4,142.9,418.94,188.13,89.4,139.84,124.25,136.92,68.21
1980M11,40.3,217.4,259.86,251.83,179.01,650,1093,585,367,639,103.22,146.6,148.4,439.37,195.11,83.3,144.17,137.33,143.39,72.95
1980M12,39.75,211,271.72,255.05,176.89,605,1180,619.3,323.75,571.3,94.88,141.5,142.41,446.44,182.62,63.3,131.58,129.27,139.63,72.07
1981M01,39.77,209.3,288.94,262.83,191.46,613,1110,625,323,545,92.52,148.81,146.66,446.44,189.6,61.6,131.51,127.86,143.72,72.42
1981M02,37.9,204.1,285.17,248.86,177.2,603,1100,640,306,516,94.17,143.3,142.67,456.26,181.51,53.2,126.26,124.56,141.19,69.48
1981M03,37.6,211.6,285.74,247.23,168.27,574,1115,620,305,535,89.2,142.13,141.04,480.56,175.27,49.66,124.59,122.77,142.04,69.04
1981M04,36.37,211,288.87,245.07,174.04,552,1105,588,316,531.2,82.58,145.5,140.6,490.63,180.41,39.31,121.08,122.22,145.09,68.26
1981M05,34.28,193.3,283.29,234.77,169.31,563,1185,599,306,511,82.58,141.3,139.8,494.36,171.59,33.05,117.28,121.16,142.29,64.97
1981M06,32.71,166.3,251.04,185.83,166.12,570,1185,640,291,512,70.92,136.1,127.04,510.27,168.65,36.1,117.13,120.36,140.87,62.48
1981M07,33.51,204.83,266.91,193.57,163.17,585,1160,600,294,530,77.54,137.56,123.61,498.49,167.92,36.02,115.79,118.2,140.37,63.78
1981M08,33.98,224.69,278.2,197.86,161.03,565,1160,531,283,506,75.89,127.11,116.04,473.94,170.12,33,109.84,111.12,133.75,64.54
1981M09,33.99,235.65,280.38,197.03,153.83,535,1005,509,264,485,70.92,115.5,109.1,463.13,171.23,25.68,104.76,105.8,127.8,64.58
1981M10,34.61,217.27,302.25,216.56,140.66,564,863,513,260,486,73.59,112.67,105.9,431.71,168.65,26.55,102.82,105.03,122.99,65.59
1981M11,35.68,206.37,318.04,231.35,141.96,570,805,500,257,470,77.54,111.76,112.14,405.2,178.57,26.22,101.23,103.2,121.62,67.31
1981M12,35.41,211.05,313.43,227.3,142,545,720,483,256,455,69.26,107.63,111.86,356.88,176,28.51,99.09,101.92,114.06,66.89
1982M01,35.05,219.22,317.86,230.76,172.58,536,685,502,262,455,72.57,115.35,116.04,321.24,173.06,28.62,99.96,104.42,113.14,66.18
1982M02,32.27,208.71,340.46,251.68,169.6,526,685,528,254,454,75.89,112.59,112.73,302.82,170.86,28.84,98.82,104.63,109.82,61.82
1982M03,30.17,194.6,321.96,246.85,168.09,480,644,507,254.25,452,70.92,114.17,112,305.28,168.65,24.84,96.59,101.71,110.18,58.52
1982M04,31.57,174.09,312.24,234.55,166.71,502,679,509,265,482,70.22,117.76,114.6,291.28,169.76,21.03,96.82,104.18,110.34,60.77
1982M05,33.04,171.9,303.33,228.22,169.65,493,645,511,269,509,76.21,118.11,116.73,278.52,167.55,17.92,95.82,105.68,109.01,63.14
1982M06,32.77,154.88,310.04,224.08,164.87,497,599,494,254,475,71.87,114.95,110.45,270.66,155.79,15.1,91.34,100.74,104.75,62.70
1982M07,32.92,155.65,294.34,216.78,163.2,465,570,421,249,464,58.56,114.95,102.69,261.82,151.75,17.26,87.73,93.34,102.63,62.95
1982M08,32.42,154.63,293.08,224.78,162.33,412,572,396,234,432,59.26,102.28,100.31,266.73,152.49,14.9,83.55,88.08,98.06,62.20
1982M09,33.47,168.51,300.42,240.92,161.58,411,530,380,217,426,54.92,100.88,97.08,252,152.85,13,81.26,84.29,95.81,63.88
1982M10,33.78,163.35,309.55,258.56,160.22,406,470,355,214,416,50.27,91.73,97.94,235.06,146.61,13.02,77.63,81.32,89.02,64.41
1982M11,32.85,154.05,304.5,269.43,159.35,416,474,362,231,403,50.27,102.87,110.23,238.26,155.06,14.33,81.78,85.67,95.37,62.94
1982M12,31.47,163.15,297.29,281.77,148.08,429,466,376,232,399,53.59,105.51,111.55,246.11,159.83,13.91,82.69,87.2,98.21,59.76
1983M01,30.65,177.84,286.51,274.5,199.33,435,461,372,235,397,53.59,107.84,114.64,239.97,164.98,13.27,82.18,87.03,99.38,57.92
1983M02,29.11,194.39,279.83,268.46,197.33,451,452,367,239,395,57.92,117.32,121.03,249.55,164.24,14.17,84.31,86.43,104.36,55.48
1983M03,28.32,186.8,275.67,267.27,196.64,482.2,445,377.6,242,394,56.9,125.19,124.34,261.82,166.08,13.67,86.64,87.61,109.18,54.17
1983M04,29.69,187.72,275.05,267.27,196.01,576.3,495,418.5,252.5,434,66.9,133.43,132.06,261.82,167.18,14.79,91.72,93.97,113.17,56.32
1983M05,29.36,207.03,283.23,271.52,196.13,622,548,432,252,434,63.59,133.85,133.43,259.86,160.2,20.36,94.67,95.01,111.85,55.79
1983M06,29.97,229.77,280.71,265.11,193.16,694,593,394,243,425,66.58,135.03,127.4,249.06,151.75,23.68,92.88,90.89,109.91,56.79
1983M07,30.47,230.27,282.94,264.69,188.81,846,635,425,263,477,64.93,140.59,125.11,241.45,147.34,23.21,96.06,98.98,110.61,56.73
1983M08,30.65,230.38,285.59,265.26,185.83,985,969,559,339,651,76.59,152.75,136.3,254.95,152.49,23.28,109.8,127.61,118.38,57.06
1983M09,30.07,214.5,291.69,268.77,185.56,954,1052,645,349.8,732.6,87.36,147.75,135.54,278.27,156.53,20.79,112.95,136.45,119.86,56.20
1983M10,29.62,209.77,310.26,287.26,188.06,860,1054,671,328.75,687,88.18,148.15,132.06,269.68,152.85,21.47,111.56,133.7,118.54,55.42
1983M11,29.17,221.52,318.7,285.15,185.9,884,951,661,324,652,89.91,147.02,132.28,264.18,151.75,18.36,108.31,131.32,117.38,54.45
1983M12,28.81,253.85,323.33,292.71,184.16,969,876,695,311,644,78.24,143.28,130.87,251.02,153.59,17.02,106.64,131.52,114.29,53.63
1984M01,29.04,262.2,316.83,293.06,290.26,1069,983,875,305,692,84.87,141.92,129.47,237.77,152.85,15.36,110.08,143.46,112.47,53.80
1984M02,29.2,250.05,321.68,300.49,293.06,1158,1024,875,293,669,84.87,137,125.66,227.85,150.65,14.62,108.44,140.43,109.02,54.08
1984M03,29.53,253.47,326.99,304.33,307.77,1123,1086,845,314,720,87.55,147.08,130.82,234.08,153.96,14.15,110.71,142.35,114.51,54.57
1984M04,29.57,253.58,331.16,303.25,293.74,1150,1159,841,315,772,92.52,148.02,129.52,235.31,157.26,13.25,110.98,142.63,115.77,54.62
1984M05,29.46,268.26,331.24,322.93,285.7,1314,1171,951,338,914,93.22,146.06,131.92,234.33,153.96,12.41,115.76,156.68,114.33,54.46
1984M06,29.05,248.5,324.74,316.5,282.99,1431,1155,783,308,844,89.91,146.97,128.32,235.31,149.91,12.17,108.69,138.75,114.01,54.07
1984M07,27.99,221.45,317.71,304.02,276.32,1273,1054,580,270,697,72.89,142.59,111.39,248.81,146.97,10.01,96.88,114.29,112.47,52.37
1984M08,28.17,221.36,321.21,309.9,274.49,1079,984,562,261,679,66.58,138.75,107.23,252,152.49,8.9,94.6,109.88,111.88,52.67
1984M09,28.35,231.08,313.56,311.89,271.71,1170,931,611,245,694,68.88,130.41,104.78,236.54,155.06,9.04,94.25,111.15,107.32,52.92
1984M10,27.85,225.73,301.75,297.87,269.16,1175,836,615,245,679,70.6,121.19,101.34,231.63,152.85,10.25,92.43,111.1,102.68,52.13
1984M11,27.65,225.51,309.11,299.98,267.1,993,905,616,250,698,71.24,117.37,106.7,211.74,152.49,9.61,90.13,111.23,98.97,51.89
1984M12,26.81,214,310.41,279.92,259.31,920,912,592,241,630,61.55,113.95,111.11,204.62,149.55,7.83,86.84,106.24,95.94,50.64
1985M01,26.63,221.98,320.53,276.75,163.48,856,890,583,243,630,66.58,119.01,114.7,206.83,149.18,7.96,87.73,105.52,98.4,50.33
1985M02,27.6,227.41,317.64,270.11,159.65,756,873,595,239,664,68.24,119.78,112.55,200.94,147.34,8.16,88.06,104.46,97.86,51.90
1985M03,27.85,223.2,326.02,270.79,158.27,843,944,651,241,667,64.93,120.19,117.34,199.96,145.14,8.44,90.46,109.7,97.43,52.24
1985M04,27.8,223.95,311.89,270.2,162.37,769,1020,653,243,693,68.24,120.05,118.39,202.9,143.67,7.54,90.61,110.11,97.57,52.17
1985M05,26.65,212.9,314.58,266.85,161.31,662,1026,610,231,652,68.24,116.73,115.24,202.9,136.32,6.22,86.34,103.6,94.98,50.28
1985M06,26.37,209.22,312.81,264.97,161.66,575,974,556,227,630,64.93,116.04,105.3,202.9,134.11,6.13,83.23,97.92,94.2,49.86
1985M07,26.38,221.11,297.78,234.33,160,520,880,487,223,568,59.89,114.91,99.01,191.12,128.6,7.08,79.44,90.98,91.38,49.85
1985M08,27.02,227.21,294.27,234.66,153.64,456,896,404,211,518,48.3,105.53,89.13,191.12,123.09,9.68,76.87,83.23,86.13,50.82
1985M09,26.98,234.68,294.27,229.41,151.14,427,810,360,207,469,46.58,101.91,81.62,191.12,125.3,11.29,75.11,79.4,84.93,50.74
1985M10,27.82,236.36,309.79,245.44,156.63,430,808,356,205,448,48.3,98.58,87.57,191.12,127.5,11.05,74.06,79.67,83.98,52.03
1985M11,28.6,229.79,343.15,278.16,158.72,393,911,362,210,455,48.3,106.2,95.68,191.12,132.64,12.08,76.07,81.66,87.99,53.26
1985M12,26.5,237.53,434.22,336.69,159.34,395,827,390,213,470,53.27,107.87,99.58,191.12,137.05,11.73,77.68,84.2,89.6,49.88
1986M01,24.68,232.37,524.41,375.16,169.66,380,701,342,221,457,53.27,107.79,98.33,220.58,132.28,10.67,77.1,81.75,91.89,46.86
1986M02,15.92,222.91,503.07,357.21,171.62,318,580,283,216,394,53.27,103.19,95.18,211.99,129.71,12.35,74.43,74.82,88.65,32.96
1986M03,12.65,210.65,528.23,372.29,171.16,293,541,243,217,369,54.35,100.88,94.47,197.26,134.48,15.33,75.14,72.32,86.97,27.42
1986M04,11.9,198.97,498.33,347.03,169.76,266,578,242,213,349,49.64,101.33,98.71,186.21,132.64,18.37,75.48,70.52,85.51,26.20
1986M05,13.72,190.59,465.92,314.16,170.07,233,578,238,215,345,49.95,105.55,105.95,181.3,119.42,16.91,72.96,69.79,84.55,28.99
1986M06,11.85,190.59,390.39,276.02,168.49,254,560,243,213,351,43.26,103.54,85.76,181.3,105.82,14.01,70.63,69.68,81.21,25.96
1986M07,9.62,202.23,379.88,277.61,171.75,229,548,221,209,336,39.95,83.03,73.41,181.25,101.78,12.24,66.69,67.72,71.91,22.39
1986M08,13.7,207.23,383.45,297.51,172.61,211,561,197,202,271,36.64,72.31,62.53,185.75,102.15,12.28,64.8,64.13,67.88,28.84
1986M09,14.08,220.64,440.11,360.62,171.89,240,534,207,195,276,39.95,65.7,64.46,173.5,103.62,10.32,64.12,64.66,64.23,29.45
1986M10,13.95,207.3,391.52,328.08,171.55,341,572,272,197,319,48.3,65.31,69,174.8,104.72,11.88,66.67,70.63,64.71,29.21
1986M11,14.45,202.45,345.45,313.37,169.42,388,551,303,204,322,55.56,72.43,72.42,174,105.09,13.1,68.19,73.36,67.92,30.03
1986M12,15.68,197.61,300.34,274.65,170.73,405,529,293,199,320,46.58,69.64,68.74,167,107.29,12.59,66.78,71.19,66.04,31.83
1987M01,18.07,196.51,272.34,249.96,134.45,425,520,350,200,315,46.45,67.91,68.2,172,109.13,14.31,70.43,76.3,66.15,34.78
1987M02,17.25,195.86,266.45,242.69,132.59,403,500,330,198,307,46.32,66.14,67.68,186,112.07,16.26,71.3,74.45,67.38,33.48
1987M03,17.75,200.97,228.77,215.7,133.23,344,484,313,199,305,46.45,71.6,73.8,198.25,115.38,16.65,71.49,71.96,71.48,34.27
1987M04,17.9,206.97,237.12,222.9,134.04,389,507,339,207,333,58.94,74.88,72.07,199.4,113.17,14.72,72.71,76.72,73.08,34.04
1987M05,18.4,206.84,258.6,232.81,133.77,405,525,341,221,351,63.91,81.84,77.69,197.5,119.05,14.84,76.74,80.64,76.93,34.81
1987M06,18.72,199.52,231.76,216.15,131.88,451,513,342,228,351,56.58,80.7,76.42,192.75,108.76,14.2,76.11,83.13,73.97,35.31
1987M07,19.62,211.78,220.23,203.88,130.14,443,499,300,222,318,54.92,76.37,72.2,190.8,104.72,13.45,72.97,77.49,71.24,36.96
1987M08,18.82,202.14,225.31,208.45,129.81,479,467,308,215,322,50.59,71.65,67.19,204,106.92,12.38,71.3,76.4,70.87,35.67
1987M09,18.28,198.7,243.65,218.98,129.55,480,469,335,214,330,57.6,73.57,68.7,258,112.07,12.83,75.75,80.04,78.49,34.79
1987M10,18.57,191.07,263.19,228.22,127.03,482,502,353,217,348,60.6,78.85,74.1,266.75,113.91,14.66,77.77,82.98,82.02,35.24
1987M11,17.75,192.97,278.84,231.11,126.91,477,481,368,228,338,59.42,81.69,78.12,254.25,115.01,16.16,81.45,87.78,82.01,34.19
1987M12,16.63,189.73,279.72,227.16,128.82,529,530,432,240,393,58.24,83.16,76.99,255.6,124.56,18.29,85.59,95.39,84.3,32.65
1988M01,16.47,197.34,282.23,225.11,142.55,566,540,486,254,433,56.9,85.92,80.47,291.5,128.6,21.31,90.26,99.71,89.84,32.40
1988M02,15.85,179.92,305.44,227.02,139.95,530,503,403,254,406,56.9,87.99,84.08,306.25,131.54,18.58,87.43,91.75,92.74,31.35
1988M03,14.78,168.52,301.04,218.17,141.11,516,501,381,257,396,62.25,90.23,84.75,294,124.93,18.78,87.48,91.48,91.49,29.76
1988M04,16.47,164.91,300.75,212.04,141.06,509,515,403,270,409,67.92,89.52,81.74,288,126.77,18.83,88.81,95.76,91.09,32.36
1988M05,16.22,170.73,305.67,207.37,140.15,533,541,422,285,437,65.25,89.32,81.41,257,128.97,19.62,91.12,101.52,88,31.92
1988M06,15.33,162.41,317.18,206.08,137.1,614,637,496,353,544,79.9,120.27,114.6,271.5,149.91,23.3,107.19,123.73,106.38,30.82
1988M07,14.48,160.96,312.99,188.1,132.8,666,769,517,351,600,78.24,125.49,116.9,271.75,149.55,30.92,109.49,124.06,108.45,29.49
1988M08,14.55,144.78,292.28,180.01,131.04,576,696,450,342,534,66.58,119.92,109.79,271.6,149.91,24.57,102.45,115.01,105.73,29.63
1988M09,13.1,123.92,303.91,197.89,130.66,567,649,428,337,478,88.38,121.37,109.79,273.25,159.47,22.4,103.8,113.2,108.94,27.38
1988M10,12.18,130.43,295.02,207.44,131.44,564,606,431,313,449,76.59,121.35,108.69,273,162.04,22.66,101.7,109.58,108.87,26.02
1988M11,12.53,147.29,298.48,204.28,132.36,570,564,418,313,431,74.87,114.43,101.04,271.8,163.88,23.9,100.06,107.28,106.12,26.68
1988M12,14.65,150.31,325.46,221.51,131.17,567,563,411,313,444,70.22,116.88,108.25,260,166.82,24.73,100.86,107.56,106.19,30.16
1989M01,16.48,143.48,335.63,223.42,166.07,537,592,383,318,423,73.21,118.2,110.07,264.8,173.8,21.27,98.46,105.55,108.52,32.81
1989M02,16.35,148.17,308.54,211.91,164.95,538,630,401,307,412,75.57,117.42,110.12,269.25,171.96,23.24,98.77,103.49,108.45,32.55
1989M03,18.03,140.88,309.66,208.1,162.06,545,746,399,313,437,82.9,118.38,110.05,278.5,178.21,25.44,103.02,105.68,111.15,35.08
1989M04,19.2,129.08,317.2,201.1,160.47,549,753,391,297,440,84.23,115.74,108.19,293,174.53,26.81,102.45,102.19,111.03,36.95
1989M05,18.02,120.72,309.93,201.33,153.72,589,792,406,297,460,83.21,117.64,111.55,310.25,176.37,26.41,103.06,103.07,113.9,35.16
1989M06,17.63,125.22,276.28,184.64,147.75,559,802,373,291,464,67.92,112.99,104.63,327.2,168.65,27.87,100.81,100.14,111.88,34.58
1989M07,17.67,134.59,194.2,143.83,148.97,540,806,331,272,447,74.87,108.7,102.96,350.5,166.82,30.9,99.39,94.94,112.53,34.59
1989M08,16.88,128.55,173.08,131.4,146.59,481,820,309,236,404,73.21,100.92,100.09,332.2,164.24,30.86,94.06,83.71,106.89,33.31
1989M09,17.67,114.09,172.89,132.34,143.19,503,798,323,237,410,71.55,103.37,102.85,319.75,163.51,31.15,94.95,85.24,106.4,34.52
1989M10,18.42,106.35,151.35,118.06,142.15,480,813,321,238,419,71.87,107.28,102.68,304,164.61,31.84,95.88,86.06,106.56,35.75
1989M11,18.37,101.08,156.24,117.44,142.3,456,868,301,246,433,69.9,108.48,103.84,268.5,163.51,33.12,95.07,86.2,103.05,35.87
1989M12,19.35,97.03,159.77,113.17,143.08,425,877,267,248,429,73.21,109.17,104.22,272,164.61,29.56,92.99,83.72,104.02,37.64
1990M01,20.35,99.45,167.61,109.07,173.65,433,903,279,242,417,75.57,105.6,101.91,276.2,167.92,31.3,93.98,83.25,103.62,39.86
1990M02,19.6,102.65,185.08,110.36,161.86,393,933,271,240,428,73.86,106.07,100.81,300,160.94,32.29,93.4,81.17,105.1,38.36
1990M03,18.22,113.14,208.85,122.92,164.81,372,971,286,242,442,70.04,109.7,103.44,289.25,156.53,33.86,93.35,81.29,104.59,35.94
1990M04,16.55,133.38,208.8,123.35,158.99,343,938,267,247,440,68.77,118.82,109.9,275.75,159.47,33.6,94.06,80.22,107.38,33.26
1990M05,16.58,144.05,204.96,118.21,136.09,353,919,281,259,449,71.03,121.04,111.03,260,149.18,32.25,93.51,82.51,105.02,33.55
1990M06,15.27,132.01,196.54,111.71,112.23,317,931,272,249,435,80.23,120.86,110.95,255,135.58,28.6,90.44,78.77,102.53,31.46
1990M07,17.17,134.57,191.03,110.39,131.66,297,925,279,252,437,77.99,114.91,109.24,256.4,124.93,26.43,89.79,79.72,98.36,34.43
1990M08,26.4,128.57,208.18,118.56,126.28,294,963,291,250,460,83.78,110.05,104.76,259.5,116.84,24.1,88.55,81.4,95.56,49.03
1990M09,32.7,137.15,210.3,122.8,147.9,284,991,284,250,461,88.39,101.52,98.27,260.75,114.27,24.3,87.87,81.93,91.91,59.06
1990M10,34.5,130.69,201.9,123.92,160.44,284,1012,290,247,468,88.16,100.34,97.83,281.4,114.64,21.64,87.71,84.03,93.65,62.07
1990M11,31.08,134.7,186.78,122.31,157.55,343,1040,331,239,455,91.47,100.39,98.16,272.25,112.8,22.17,86.99,85.44,92.53,56.92
1990M12,26.13,129.64,196.61,124.47,152.17,325,1038,346,244,476,89.81,102.01,100.97,263.75,113.17,21.47,87.79,87.86,92.31,49.09
1991M01,22.58,124.17,189.45,116.47,155.44,340,1013,349,239,455,93.88,105.67,105.07,303.4,111.33,19.41,89.04,85.91,97.86,43.64
1991M02,18.13,121.47,196.67,114.35,148.14,330,1027,338,241,445,92.04,106.1,106.37,327.25,113.91,18.76,90.19,84.31,100.9,36.37
1991M03,18.07,121.03,206.28,113.24,147.98,343,1022,348,244,453,88.09,109.54,109.9,311.5,119.42,20.15,91.89,84.93,101.43,36.10
1991M04,18.47,114.58,202.73,112.29,147.49,323,986,319,245,460,85.15,110.33,109.02,285.8,120.89,18.75,89.36,83.04,99.17,36.82
1991M05,18.82,106.22,193.75,103.75,147.82,335,937,318,241,444,85.3,105.7,101.99,288.25,121.99,16.71,87.25,83.63,97.7,37.30
1991M06,17.93,104.08,189.1,100.05,137.69,369,919,311,241,440,71.28,104.21,98,293.25,120.15,20.28,87.89,83.27,96.76,35.78
1991M07,19.05,103.22,183.51,100.05,135.68,465,930,341,229,431,72.27,105.11,99.43,303.4,118.31,22.73,87.68,82.92,97.94,37.34
1991M08,19.37,113.89,180.27,99,134.91,459,929,338,241,457,67.06,110.43,105.47,298.25,125.3,20.86,89.38,85.35,100.55,37.91
1991M09,20.05,127.29,191.93,102.87,138.13,455,844,323,246,468,67.43,108.85,106.21,291.5,135.22,20.48,89.12,86.46,100.84,39.19
1991M10,21.47,130.08,175.86,101.15,141.04,546,799,345,237,485,68.21,109.7,107.01,276.6,146.97,20.11,90.08,87.72,101.6,41.35
1991M11,20.77,131.4,172.4,111.12,138.46,595,718,362,237,466,73.3,106.49,105.45,271.75,149.55,19.03,89.71,87.9,100.39,40.26
1991M12,17.75,136.64,166.12,111.97,142.1,636,614,376,234,442,75.43,106.91,107.42,268.4,160.94,19.84,89.83,87.62,102.18,35.55
1992M01,17.38,128.15,161.84,107.65,145.47,738,619,383,236,429,73.42,109.31,111.64,277.25,170.12,18.33,92.06,89.86,105.55,34.42
1992M02,17.62,119.29,150.91,93.85,138.81,702,605,382,237,414,71.28,113.62,116.73,278.25,177.1,17.28,91.75,88.57,108.51,34.69
1992M03,17.45,112.82,155.14,93.89,139.39,644,595,396,240,434,72.64,117,120.15,277.2,169.39,18.12,92.26,89.51,108.58,34.53
1992M04,18.63,104.43,145.33,91.18,153.26,647,616,402,235,425,75.23,108.52,109.35,278,159.83,20.86,90.08,88.37,103.67,36.45
1992M05,19.5,99.23,134.17,83.07,163.24,638,651,390,247,439,84.78,109.64,108.03,274,149.55,21.14,90.24,89.46,102.38,37.90
1992M06,20.83,97.06,130.27,81.95,168.36,589,665,404,253,456,84.89,110.9,104.66,268.8,148.81,22.84,91.66,92.18,102.23,40.00
1992M07,20.17,110.21,128.31,86.4,176.24,528,644,382,237,429,77.37,102.75,95.86,278.5,136.32,22.73,89.4,88.29,97.52,39.12
1992M08,19.62,117.62,116.69,85.65,179.58,494,600,382,229,409,77.04,96.96,93.7,270.8,128.24,21.62,89.02,86.81,92.96,38.40
1992M09,20.15,112.5,117.35,90.34,191.9,501,562,391,227,421,83.57,98.05,93.75,257,138.89,20.53,88.4,87.98,93.97,39.48
1992M10,20.08,107.1,135.74,97.42,189.34,493,565,396,221,418,82.21,95.11,91.01,250,140.73,19.2,85.94,87.45,92.27,39.27
1992M11,18.88,107.63,148.39,105.09,181.78,496,575,413,229,437,82.12,94.48,92.37,252.6,147.71,18.89,86.86,89.76,93.44,37.03
1992M12,17.93,103.44,170.16,112.02,186.29,461,622,401,235,436,79.55,94.61,95.75,256.25,147.71,17.97,86.44,90.47,93.78,35.48
1993M01,17.22,103.55,152.98,103.4,191,444,621,410,239,444,75.08,94.21,95.18,259.75,155.79,18.17,88.77,91.7,95.15,34.24
1993M02,18.17,99.76,149.14,103.61,178,439,611,425,236,433,74.83,94.38,94.47,254.25,148.81,18.87,88.55,90.35,93.47,35.21
1993M03,18.47,97.51,140.26,101.19,158,427,602,408,238,438,75.16,97.14,95.4,230.2,148.08,23.41,89.9,88.37,91.97,36.00
1993M04,18.43,101.17,127.58,98.94,146,402,623,392,244,448,77.45,100.55,95.06,206.25,141.83,24.58,89.27,88.06,89.91,36.02
1993M05,18.17,99.58,137.08,101.79,142,418,685,371,246,448,77.46,98.59,93.15,184.75,136.69,26.08,87.99,87.1,85.98,35.47
1993M06,17.47,98.72,137.79,102.67,148,436,712,356,245,461,75.3,92.76,88.52,189,121.99,22.91,84.82,86.65,81.49,34.23
1993M07,16.32,106.04,158.31,108.91,159,460,773,362,287,505,74.03,101.25,96.17,200.75,127.5,21.34,89.6,95.86,87.11,32.45
1993M08,16.48,109.66,169.58,128.88,151,455,858,356,274,483,69.69,100.31,98.49,209,129.71,20.59,88.45,93.44,87.78,32.83
1993M09,15.9,126.77,178.07,137.79,145,424,845,352,260,489,64.41,100.9,97.22,206,131.17,21.03,88.25,90.76,87.75,31.90
1993M10,16.52,129.23,168.96,129.9,154,419,807,333,249,491,60.95,106.53,100.92,256.75,135.95,22.69,89.44,87.47,96.09,32.70
1993M11,15.2,132.1,173.28,135.5,146,464,808,357,267,536,63.85,116.67,113.81,307.75,146.61,22.31,94.28,93.21,107.54,30.76
1993M12,13.77,136.22,179.21,136.27,151,615,924,411,276,589,68.31,121.79,119.93,320.5,158.73,23.19,98.31,100.09,113.19,28.52
1994M01,14.13,126.41,174.05,130.93,150,595,993,404,282,602,74.62,127.23,121.92,356,153.22,22.71,100.52,100.52,118.52,28.99
1994M02,13.78,122.89,185.03,134.04,161,573,1011,387,273,577,72.29,123.22,119.21,343.75,146.97,23.85,99.77,96.85,114.44,28.61
1994M03,13.62,130.73,191.81,142.65,166,539,1013,395,274,586,68.29,119.4,114.33,269.75,141.1,25.86,97.39,96.71,103.92,27.88
1994M04,15.08,124.36,199.67,158.33,158,560,1030,434,261,584,66.89,113.23,107.75,269.25,140.36,24.27,95.73,97.58,101.14,30.08
1994M05,16.28,137.88,268.7,209.33,154,599,1020,488,256,594,68.55,109.59,106.21,233,139.99,25.53,95.32,101.77,95.82,32.09
1994M06,17.17,145.9,316.21,247.76,157,608,1014,508,265,571,67.78,112.16,105.73,213.75,139.26,26.57,95.16,104.34,94.7,33.69
1994M07,17.88,155.23,482.56,361.55,171,579,1017,494,237,560,64.32,97.83,93.75,226.25,137.42,25.96,93.23,99.2,89.65,34.86
1994M08,17,155.1,441.89,358.5,166,596,1018,575,232,600,66.16,95.99,95.02,252.6,145.87,26.68,96.45,105.11,93.13,33.31
1994M09,16.2,148.61,489.43,402.97,157,622,1018,614,233,672,72.27,97.51,91.78,259.75,158.73,27.77,99.89,109.23,96.89,31.95
1994M10,16.47,144.78,445,373.52,160,621,1029,616,227,642,80.14,96.48,92.37,262,167.18,28.11,97.95,107.28,98.41,32.44
1994M11,17.08,143.52,403.25,338.03,146,706,1048,707,239,706,83.98,95.47,97.74,264.5,162.04,30.73,101.75,116.51,97.55,33.47
1994M12,15.94,139.75,371.57,286.01,139,692,1062,719,243,693,86.49,102.49,100.62,260.5,164.61,32.34,105.35,117.87,100.56,32.04
1995M01,16.9,146.87,380.56,289.99,138,622,1054,655,243,674,85.45,106.96,101.74,276.8,156.16,32.54,102.94,113.08,102.69,33.60
1995M02,17.42,151.02,374.31,296.94,135.75,636,1025,661,238,663,85.77,106.69,102.07,280.5,154.32,31.77,104.75,113.03,102.67,34.52
1995M03,17.35,148.5,395.58,321.94,133.5,632,990,687,246,652,90.83,109.7,102.74,286.25,150.28,32.17,104.15,114.01,104.05,34.45
1995M04,18.65,146.12,384.49,319.18,135,619,981,625,249,610,93.4,109.3,103.29,281.5,148.81,30.2,101.39,109.49,103.24,36.48
1995M05,18.42,144.53,377.01,310.63,130.2,616,973,611,250,595,100.79,111.97,108.06,291,158.73,29.81,101.65,108.18,107.28,36.31
1995M06,17.36,143.72,340.59,284,129.25,668,965,631,252,611,105.77,119.86,112.83,326,170.12,30.91,105.68,110.29,116.32,34.83
1995M07,16.08,136.4,321.12,264.03,128.2,693,969,655,261,626,112.97,126.99,119.1,345.6,190.7,29.96,111.15,114.9,125.03,32.76
1995M08,16.47,141.29,337.77,287,124,686,980,616,257,616,104.87,126.44,118.7,339.5,184.45,28.62,108.36,111.14,122.81,33.42
1995M09,16.82,139.71,296.43,253.64,130.5,677,981,586,266,614,104.82,130.48,127.26,359.75,193.64,25.77,108.97,111.67,128.14,34.02
1995M10,16.12,139.46,280.58,248.59,126.8,718,990,615,271,638,112.7,140.86,137.07,382.6,203.73,26.04,112.64,115.97,136.83,32.99
1995M11,16.74,143.5,276.13,244.12,123.5,750,995,607,282,623,125.76,143.95,141.8,340.5,203.93,26.41,113.14,117.55,134.21,34.00
1995M12,17.87,137.79,234.22,204.79,127,718,988,590,296,579,125,148.65,153,341.5,208.92,27.14,114.01,119.42,137.06,36.17
1996M01,17.8,134.9,243.94,198.39,137,711,959,535,305,554,124.93,156.13,154.3,369.2,206.88,27.62,114.58,116.8,142.73,36.23
1996M02,17.7,137.02,273.57,213.61,134,738,925,518,299,548,123.31,164.81,159.81,368,218.89,28.24,116.42,114.09,148.13,37.02
1996M03,19.4,133.93,266.41,200.49,136.67,723,911,519,295,538,124.47,184.86,165.84,359.5,215.32,28.46,116.88,112.6,154.98,38.69
1996M04,20.66,145.64,272.27,199.89,141.5,756,895,562,316,582,132.69,190.37,188.66,327.2,257.61,26.41,122.83,121.67,161.19,40.56
1996M05,19.06,152.41,284.99,201.06,142.5,778,897,552,322,591,137.79,204.02,185.76,332.25,262.11,25.11,124.2,121.95,168.32,37.73
1996M06,18.51,153.75,276.59,189.84,139.75,816,904,508,308,563,138.14,197.55,174.88,341.5,227.34,26.83,120.36,116.47,160.87,37.02
1996M07,19.59,149.5,270,170.77,137.4,775,902,476,312,549,133.09,197.8,163.64,358,202.6,28.24,118.7,113.87,158.41,38.72
1996M08,20.44,150.09,278.27,174.65,143.5,742,885,513,317,565,115.01,185.5,152.47,335.5,191.63,27.27,117.12,117.75,148.42,39.79
1996M09,22.26,147.6,261.69,163.89,144.72,721,879,545,319,569,103.4,145.39,130.35,328.4,178.71,26.28,112.8,122.16,128.47,42.52
1996M10,23.61,147.7,273.81,160.76,149.19,722,874,532,290,528,102.41,127.85,113.32,312.75,178,24.52,106.65,115.68,119.41,45.07
1996M11,22.39,146.76,273.53,154.76,150,760,868,550,286,517,99.99,117.74,105.55,315,176.41,23.63,106.14,117,115.1,43.42
1996M12,23.62,147.38,257.98,139.02,151.31,777,868,561,289,514,100.76,117.69,105.77,319.2,175.7,23.68,107.06,118.69,115.44,45.86
1997M01,23.23,142.79,292.91,148.13,157.25,768,874,567,301,534,98.97,118.36,105.65,356,175.73,23.57,110.42,120.76,119.53,44.85
1997M02,20.42,137.26,371.19,166.23,161.25,768,886,580,308,527,97.73,121.67,111.22,347,172.35,23.83,112.05,122.43,119.34,39.65
1997M03,19.33,152.36,429.24,176.88,179.25,737,896,559,332,541,99.75,127.6,119.66,323.4,176.61,24.49,114.04,125.49,120.09,37.67
1997M04,17.88,157.1,456.33,170.62,198.25,710,938,562,338,541,97.87,124.4,118,304.5,183.49,24.91,112.42,126.34,117.84,35.49
1997M05,19.37,156.92,589.23,206.35,199,654,981,553,298,541,100.07,118.77,114.2,324.5,172.59,24.47,108.01,121.82,115.9,37.98
1997M06,17.92,168.83,489.47,195.64,193.2,637,1047,533,278,550,94.94,112.05,104.28,323.2,148.39,25.2,103.96,115.72,108.77,35.56
1997M07,18.33,167.75,419.78,175.6,200.75,597,1096,498,306,535,91.66,106.06,96.21,320,136.21,24.74,101.12,112.12,103.8,36.17
1997M08,18.7,165.3,420.64,164.13,220.75,567,1093,504,265,544,91.3,112.92,104.06,285,150.61,25.79,101.33,110.15,105.33,37.10
1997M09,18.66,176.55,418.59,165.68,208.2,615,1083,525,269,555,92.51,112.24,106.79,270.6,151.74,24.98,101.94,113.47,103.76,37.32
1997M10,20.04,174.1,369.63,164.29,222.5,627,1083,547,278,611,102.71,120.36,112.83,265.75,151.59,25.09,103.06,116.51,106.99,39.58
1997M11,19.09,169.64,353.33,167.64,238.25,616,1090,556,288,676,102.27,117.22,112.33,252.5,149.88,26.48,104.97,121.53,103.99,37.73
1997M12,17.09,173.88,391.19,182.1,239.67,586,1058,566,284,622,97.08,113.45,110.23,269.67,144.62,27.23,103.52,118.89,103.16,33.89
1998M01,15,167.07,391.98,183.89,255,558,1055,621,273,625,95.77,114.71,111.44,288,137.1,25.4,102.85,117.73,104.32,30.43
1998M02,14.1,164.32,392.82,183.78,280.75,559,1029,659,273,634,91.49,113.38,111.73,297.25,140.05,23.63,102.68,118.51,105.07,29.25
1998M03,13.12,172.11,347.56,181.2,228.5,578,949,671,265,652,93.04,114.21,110.47,296,138.92,21.69,100.94,115.3,105.15,27.55
1998M04,13.5,172.02,331.46,196.15,195.33,618,928,688,259,662,91.85,107.12,103.9,311.5,130.15,21.34,102.31,114.03,102.35,28.12
1998M05,14.03,178.14,303.62,200.05,155.75,723,900,705,247,671,93.01,106.1,100.81,318.25,128.92,20.35,101.24,114.47,102.48,28.64
1998M06,12.48,172.34,275.42,182.39,155.8,652,891,633,242,629,91.57,104.23,96.51,325.5,120.64,17.86,97.05,107.12,101.04,26.17
1998M07,12.7,171.67,259.26,169.84,168.25,667,874,661,238,612,85.2,100.51,95.44,324.25,118.9,19.01,96.28,108.14,98.83,26.43
1998M08,12.49,168.25,271.63,174.8,170.2,667,862,674,219,592,73.2,87.86,91,321.4,107.95,18.82,92.2,105.39,91.01,25.49
1998M09,13.8,168.59,246.59,175.93,175.25,652,852,703,216,615,73.12,86.31,85.04,321.25,107.93,15.94,91.82,107.64,90.35,27.73
1998M10,13.26,164.75,241.89,177.03,173.75,695,850,694,223,614,74.74,95.53,87.7,298.75,126.54,16.45,93.04,108.54,94.94,26.70
1998M11,11.88,159.99,256.55,176.72,158.8,752,862,681,234,614,79.26,98.12,92.21,270,130.21,17.77,95.68,110.39,93.77,24.53
1998M12,10.41,152.41,258.8,185.32,161.33,774,861,663,230,591,78.39,95.76,90.2,277.75,126.21,17.81,93.07,108.91,92.91,21.95
1999M01,11.44,145.58,249.03,181.42,175,763,835,632,221,546,77.71,97.44,91.13,299.75,125.29,17.88,92.31,102.72,95.75,23.60
1999M02,10.75,141.11,232.54,174.67,177,745,813,561,205,487,75.31,94.19,90.09,280,117.03,15.04,85.83,93.55,90.86,22.44
1999M03,13.17,131.39,232.34,161.86,188.8,700,776,497,205,444,75.2,96.18,91.41,256.2,117.34,13.29,82.21,87.49,89.22,26.24
1999M04,15.87,117.79,225.11,152.82,186.67,827,763,509,207,442,79.73,94.13,89.53,235.5,113.87,11.95,80.91,88.96,85.79,30.69
1999M05,16.06,106.76,244.87,149.78,171,874,751,475,199,428,81.53,92.49,87.19,244.25,113,12.63,79.27,85.55,85.96,31.09
1999M06,16.39,116.29,236.36,144.6,167.75,796,753,392,194,410,80.54,93.65,85.98,253.8,111.41,13.32,76.78,78.23,87.14,31.67
1999M07,18.99,111.32,209.11,135.72,166.5,656,766,319,183,392,76.86,83.99,76.88,259,103.02,11.86,72.34,70.81,82.16,35.85
1999M08,20.27,99.84,201.44,139.05,166.4,684,782,354,199,413,75.15,85.65,81.63,244.5,111.3,12.63,76.11,77.14,82.62,38.27
1999M09,22.7,106.06,185.87,131.33,197.75,704,797,388,207,414,71.44,86.47,80.03,229.25,113.19,14.7,78.16,82.29,81.52,42.06
1999M10,21.95,102.15,207.68,129.01,199.5,690,804,381,203,401,72.29,85.8,78.43,217,108.1,14.88,77.1,81.81,79.14,41.15
1999M11,24.16,92.21,249.96,139,181.2,703,807,370,198,382,73.14,85.43,79.37,228,108.8,14.35,75.78,79.7,80.3,44.42
1999M12,25.1,91.88,274.39,147.25,182.67,703,805,354,199,369,72.36,87.18,81,233.75,102.16,13.18,75.08,78.45,80.5,46.04
2000M01,25.31,91.85,244.96,117.24,187.6,654,789,348,208,371,73.13,93.29,89.34,241.4,105.83,12.41,77.54,79.81,84.47,46.90
2000M02,27.22,85.69,228.05,107.72,210.5,591,774,332,214,357,73.36,95.15,89.89,241,107.93,11.73,78.05,79.38,85.56,50.15
2000M03,27.49,92.59,222.07,101.96,206.25,552,756,349,221,362,74.4,95.05,91.73,225.75,105.7,11.27,76.85,80.24,83.58,50.74
2000M04,23.47,91.2,208.58,98,203,550,742,372,229,368,76.95,95.2,90.58,214.75,105.11,13.25,78.41,82.7,82.48,44.66
2000M05,27.19,92.16,207.56,97.71,201,481,727,324,229,340,78.26,96.35,95.02,198.6,112.14,15.26,77.71,79.56,82.47,50.85
2000M06,29.62,94.82,190.57,94.09,204.75,437,717,315,211,328,78.48,84.33,79.76,196,113.51,18.45,76.03,76.4,77.46,55.22
2000M07,28.18,96.71,192.57,89.99,211,400,681,312,197,340,78.68,75.27,73.72,189,108.98,21.25,73.54,73.35,72.23,52.98
2000M08,29.26,88.65,169.58,84.33,210,371,667,306,198,329,75.13,75.58,76.81,186.5,108.36,23.02,74.01,72.69,71.85,55.02
2000M09,32.08,88.27,167.07,85.61,210.75,332,656,288,209,312,73.21,80.43,82.7,179,117.49,22.11,75.35,73.84,74.5,60.08
2000M10,31.4,87.77,169.01,79.67,196.6,340,674,255,203,313,76.15,85.03,89.92,187.5,128.18,23.7,75.97,71.17,79.19,59.18
2000M11,32.33,87.96,157.72,72.33,200.5,367,684,257,206,316,82.46,89.17,96.12,185,127.73,21.89,76.55,72.92,80.81,61.06
2000M12,25.2,89.28,145.86,66.98,192.33,329,697,265,217,321,86.6,97.56,100.45,184.25,128.09,22.09,79.72,76.89,84.43,52.34
2001M01,25.96,99.6,145.46,71.43,187.2,319,688,254,210,306,85.75,95.15,101.08,184.4,132.84,22.75,79.59,74.06,84.2,53.28
2001M02,27.24,89.26,148.13,69.62,172.25,285,690,240,200,302,82.31,91.97,97.69,184.5,128.11,21.76,77.59,67.99,81.98,53.62
2001M03,25.02,112.44,146.61,67.29,167.25,289,693,254,195,329,83.07,90.25,95.6,175,130.2,20.44,76.18,67.5,80.64,49.85
2001M04,25.72,108.43,145.79,62.81,143.5,293,699,251,186,321,84.72,87.99,94.3,163.75,129.67,19.39,74.69,65.34,78.5,50.97
2001M05,27.55,107.74,152.6,65.12,146.25,295,695,234,184,295,89.73,84.09,94.84,164.33,134.86,21.13,76.14,64.67,78,53.19
2001M06,26.97,97.33,140.88,64.31,142.5,317,699,255,188,315,95.06,83.31,89.54,168,127.23,19.93,77.28,68.36,77.01,51.94
2001M07,24.8,96.64,129.46,60.47,153.6,358,668,330,208,409,101.98,91.73,94.47,169.4,123.79,19.38,83.66,78.38,80.34,47.74
2001M08,25.82,103.22,131.66,56.92,147.5,363,664,362,212,422,99.39,93.14,95.13,168.25,121.92,17.88,83.65,80.98,80.39,49.25
2001M09,25.21,102.43,128.02,53.51,138.75,322,665,310,202,382,99.61,90.08,94.63,173,122.03,16.62,79.31,75.33,79.65,47.66
2001M10,20.73,108.49,124.34,51.24,138.2,307,666,277,187,376,101.79,86.56,94.96,170.6,123.34,14.97,74.95,71.16,78.24,40.55
2001M11,18.69,123.16,129.74,52.21,140.25,330,668,323,189,388,100.97,89.54,94.69,173.5,125.27,16.95,78,75.04,80.07,36.90
2001M12,18.52,133.74,125.05,53.68,142.75,339,668,338,189,403,102.86,91.88,95.87,179.33,122.44,17.27,78.24,75.42,81.26,36.41
2002M01,19.15,138.6,128.42,50.29,145.75,362,665,338,188,389,99.27,91.98,95.42,191.75,125.31,17.13,78.4,76.2,82.95,37.07
2002M02,19.98,149.06,130.34,53.73,150.5,376,665,330,187,358,99.01,90.82,92.87,195.33,123.28,14.37,76.91,73.27,82.5,38.45
2002M03,23.64,159.27,142.13,64.15,154,366,671,338,191,353,98.95,89.61,91.66,189,122.54,14.77,78.08,73.44,81.2,44.63
2002M04,25.43,156.81,144.25,64.68,149,411,656,349,195,370,95.82,87.13,88.9,190.2,123.72,15.19,78.23,75.42,80.38,47.55
2002M05,25.67,160.21,135.36,62.43,139,420,647,371,197,397,97.55,90.27,89.84,197.5,121.46,13.4,79.75,78.21,82.14,47.97
2002M06,24.49,165.91,129.12,62.66,145.25,446,641,411,200,438,104.11,94.09,88.74,202.67,132.03,12.68,82.6,82.8,86.27,45.78
2002M07,25.75,187.11,124.52,63.05,148,445,635,406,218,470,114.23,98.69,100.81,199.6,149.31,14.09,85.02,85.42,91.11,47.56
2002M08,26.78,195.87,119.64,61.46,149.5,443,635,425,227,503,120.99,108.93,113.78,190.33,161.26,13.87,86.39,87.87,96.62,49.17
2002M09,28.28,216.09,133.75,70.72,156.25,410,696,400,236,494,119.75,114.14,117.01,186.6,187.84,15.34,89.01,87.9,102.74,51.97
2002M10,27.53,220.15,144.91,73.48,154.5,434,718,408,229,517,120.61,109.7,113.56,186.25,190.32,16.56,89.28,88.45,101.31,51.45
2002M11,24.54,181.18,154.04,83.58,151.5,457,771,442,243,577,120.13,108.93,115.05,186.75,177.38,17.26,89.12,94.32,98.88,46.71
2002M12,27.89,203.17,141.45,83.91,147.25,482,845,465,241,585,117.19,106.96,113.26,186.5,162.48,17.53,90.47,95.44,95.45,52.48
2003M01,30.75,217.84,144.56,90.79,150.75,494,889,458,244,535,113.7,106.14,110.78,200.75,149.61,18.06,90.37,95.16,94.35,57.66
2003M02,32.88,228.2,146.41,89.66,143,477,986,452,243,521,114.15,105.85,109.21,198.75,150.84,19.86,89.99,95.09,94.24,62.64
2003M03,30.36,194.68,136.14,81.95,150.75,441,1195,426,241,508,113.65,105.6,106.79,197,141.81,18.14,88.56,92.5,92.44,57.44
2003M04,25.56,192.42,142.62,82.5,150.25,421,1284,412,251,524,114.59,105.46,106.81,195,138.62,17.09,87.41,93.04,91.67,49.51
2003M05,26.06,173.56,146.08,83.33,152.25,440,1287,417,250,538,115.5,107.49,104.96,198,141.96,15.81,87.52,95.09,93.42,50.66
2003M06,27.92,157.11,134.57,75.42,150.25,459,1352,430,239,541,111.48,107.33,97.58,203.4,131.35,14.84,87.24,95.49,92,53.64
2003M07,28.59,156.02,138.78,77.93,154.6,439,1397,411,230,523,96.62,96.81,89.77,198.5,131.62,15.08,84.53,91.69,86.6,54.23
2003M08,29.68,155.23,140.85,80.03,155,421,1468,395,237,512,88.07,100.66,104.09,195,148.72,15.06,86.13,91.25,90.32,55.97
2003M09,26.88,163.79,146.41,82.34,157.5,431,1470,420,264,558,90.63,104.08,109.13,197.6,145.62,13.18,89.41,98.7,91.6,51.44
2003M10,29.01,148.28,141.76,79.1,167,487,1293,485,310,624,95.7,105.39,108.27,195.75,147.46,13.21,96.43,114.26,92.45,54.84
2003M11,29.12,150.57,137.3,75.2,162.25,515,1149,503,327,625,101.64,108.48,114.23,193.4,160.55,13.4,99.99,118.94,95.88,55.21
2003M12,29.97,163.36,142.99,79.15,158.75,583,1148,510,332,638,101.15,111.16,116.8,198.25,165.57,13.84,100.39,119.8,98.32,58.03
2004M01,31.37,162.87,160.34,87.83,163,584,1162,496,350,658,98.55,115.52,121.67,212.75,166.33,12.81,103.32,122.65,101.67,60.52
2004M02,31.33,156.88,168.01,81.68,164.75,642,1194,535,368,689,95.57,123.54,126.19,213.25,161.39,12.87,107.07,128.29,104.11,60.42
2004M03,33.67,150.4,172.09,80.91,159.2,685,1236,550,413,691,103.03,127.85,130.17,237.8,166.28,14.24,113.2,137.08,109.59,64.82
2004M04,33.71,143.78,166.32,80.18,154,736,1237,538,358,671,112.53,133.5,128.6,240.75,166.58,14.51,112.16,131.55,112.66,65.56
2004M05,37.56,141.96,169.73,80.6,152.25,716,1209,513,316,632,111.56,128.22,118.55,232,163.73,13.98,107.91,121.34,109.04,72.39
2004M06,35.54,140.48,181.24,87.9,150.5,658,1150,440,295,581,114.05,123.32,115.85,229,154.74,15.28,102.61,107.42,105.3,69.51
2004M07,37.89,156.36,165.21,79.41,153.25,669,1117,426,279,597,103.97,104.85,96.73,230.75,150.6,17.44,99.31,101.54,96.76,73.38
2004M08,42.08,172.83,162.28,74.76,157.4,627,1111,432,265,610,87.77,104.05,103.07,239,141.29,16.7,97.43,99.82,95.13,79.52
2004M09,41.6,154.53,177.41,75.49,163.5,657,1125,439,260,585,85.37,97.87,99.67,235.25,151.03,16.95,96.76,100.07,93.69,78.29
2004M10,46.88,148.03,177.58,69.82,151,642,1127,431,249,558,87.89,93.79,93.78,244,150.15,18.63,95.04,96.82,92.88,87.90
2004M11,42.13,165.91,199.01,72.11,145.25,659,1133,433,260,567,95.53,93.75,92.35,259.2,156.57,17.99,95.01,97.78,95.82,79.86
2004M12,39.04,165.79,229.55,80.95,151,654,1131,423,265,553,92.04,95.39,90.69,278.25,153.87,18.19,95.49,97.76,97.93,75.29
2005M01,42.97,155.23,236.25,81.48,150.8,646,1162.25,402,261.5,521,90.71,96.25,89.98,287,153.59,19.22,96,96.32,99.11,81.59
2005M02,44.82,163.36,266.45,90.92,148.25,646,1149,403,261,497,87.38,94.14,92.29,290,151.17,20.06,98.59,95.31,98.02,84.25
2005M03,50.94,175.51,297.69,109.15,148.75,710,1146,435,290,546,94.17,99.88,96.43,292.75,150.99,19.58,104.04,104.93,100.92,94.60
2005M04,50.64,158.57,285.56,111.88,146.75,679,1137,429,283,547,93.33,96.28,93.01,297.25,140.88,18.94,100.93,103.22,98.2,94.51
2005M05,47.83,150.82,283.01,123.61,141,647,1102,417,283,538,88.89,95.42,96.23,293.8,143.33,18.94,99.88,100.8,97.71,89.65
2005M06,53.89,153.95,267.11,132.32,139.25,638.75,1065,419,306,559,93.44,97.1,97.07,285,141.93,19.95,99.64,103.86,97.42,99.69
2005M07,56.37,148.75,242.35,127.6,145.25,606,1050,417,298,561,96.81,107.52,105.6,276.75,143.87,21.25,99.6,103.21,101.32,104.27
2005M08,61.89,148.09,238.54,114.57,149.6,550,1023,407,274,549,98,101.67,100.09,282.8,149.36,21.89,97.88,99.21,100.49,114.25
2005M09,61.69,150.48,219.34,103.33,152.25,559,1002,421,263,545,97.89,96.35,97.37,285.25,159.71,22.73,99.26,98.14,100.26,115.68
2005M10,58.19,145.73,231.6,104.79,153.6,587,982,442,257,579,98.53,101.94,97.39,286.4,167.83,24.52,101.52,98.78,104.07,110.76
2005M11,55.04,144.33,237.53,113.43,146.5,582,960,444,255.75,560,98.76,95.37,92.57,277.75,161.12,25.09,99.9,98.03,99.33,103.50
2005M12,56.43,150.91,233.18,124.32,151,553,947,429,264,537,103.01,102.14,96.56,280.5,164.44,29.34,102.75,98.19,103.14,107.26
2006M01,62.46,157.31,273.81,139.75,168,569,930,424.25,257,532,103.6,102.65,100.64,291.25,167.16,34.72,104.85,96.77,104.96,114.93
2006M02,59.7,154.61,262.61,138.85,235.25,591,921,445,257,535,101.13,107.13,106.07,301.5,179.84,39.77,109.86,97.99,109.9,110.32
2006M03,60.93,154.51,250.58,131.4,196,575,902,440,257,539,100.38,105.25,103.66,303.5,174.44,38.01,107.46,96.19,108.41,112.08
2006M04,67.97,154.8,254.46,133.49,196.33,578,898.75,439,258,540,102.12,107.72,109.35,302.25,180.35,38.56,107.54,96.36,110.35,123.84
2006M05,68.68,159.64,241.1,132.45,207,583,892,440,266,588,107.48,110.65,113.76,308,193.17,37.08,110.87,98.92,114.5,124.38
2006M06,68.29,160.7,227.41,132.78,212.5,575,898,437,267,601,106.88,109.4,111.88,312.5,195.16,33.95,107.24,99.44,114.77,123.78
2006M07,72.45,167.91,231.49,142.18,215,583.25,930,471,271.75,630,112.1,113.99,119.99,315.4,202.43,35.38,110.04,103.21,118.38,130.60
2006M08,71.81,162.07,246.32,162.24,208.75,606,944,510,262,629,114.53,116.59,114.44,312.67,189.91,29.8,109.2,106.02,117.19,130.03
2006M09,62.12,156.88,242.13,170,186.75,609,965,497,258,602,115.44,121.75,119.55,309.2,195.98,26.63,108.63,105.01,120,113.03
2006M10,57.91,153.02,243.9,165.72,173.6,626,1068,507,273,615,136.6,142.17,138.23,301,212.09,25.66,113.54,108.85,131.08,106.84
2006M11,58.14,158.12,269.56,169.29,172.25,656,1120,547,300,675,148.15,164.54,167.09,296.25,209.68,25.97,119.52,116.83,139.89,108.38
2006M12,60.99,170.72,283.16,169.03,171.33,731.67,1174,583,297,696.67,150.97,160.38,170.61,305,204.31,25.51,120.38,120.54,138.31,112.67
2007M01,53.52,169.85,274.54,174.45,170,731,1180,599,306,697,152.13,164.77,175.05,313,196.07,24.14,121.5,123.98,139.66,100.72
2007M02,57.56,181.54,269.03,174.34,165,763,1173,605,325,714,151.03,177.35,180.64,315,199.98,23.3,125.28,128.5,145.68,108.13
2007M03,60.6,192.4,258.12,169.76,163,769,1157,622,322,718,157.06,170.51,169.96,318.67,199.1,23.02,124.74,129.04,143.32,112.51
2007M04,65.06,197.8,252.65,175.44,158.75,827.5,1202,710,319.75,760.75,157.12,152.75,149.52,316.5,198.31,21.43,125.12,135.96,135.61,119.72
2007M05,65.16,200.39,249.65,184.99,155,894,1159,772,334,788,161.69,160.23,150.01,317.6,195.72,20.79,129.21,143.16,138.58,119.89
2007M06,68.19,201.7,263.08,204.32,165.75,979,1209,805,361,833,184.45,165.25,154.79,323.25,223.04,20.48,135.71,151.04,146.67,125.06
2007M07,73.6,215.85,259.33,203.95,163.6,929,1342,811,375.5,885.4,177.91,146.84,138.47,328.8,238.41,22.44,137.81,156.5,141.93,133.58
2007M08,70.13,190.52,271.59,192.77,161.25,910,1404,821,385,908,158.88,151.17,150.28,327.5,259.73,21.63,140.16,159.61,146.37,128.46
2007M09,76.76,193.43,282.28,204.54,176.5,930,1445,835,426,959,184.66,159.44,163.31,325,326.54,21.52,148.09,171.23,161.62,139.00
2007M10,81.97,191.15,296.06,200.84,175,1010,1486,881,450,1012,197.11,164.16,163.19,329.2,335.15,22.05,154,183.59,165.93,148.80
2007M11,91.34,196.83,288.81,204.13,170.75,1131,1691,952,489,1138,187.61,171.25,170.1,342,321.81,22.27,160.64,197.92,167.63,165.11
2007M12,89.52,211.27,303.31,201.48,173.33,1153,1777,950,515.33,1164,198.93,180.25,187.01,360.67,368.62,23.52,168.09,206.73,181.53,162.88
2008M01,90.69,220.15,308.34,218.72,214.25,1285,1861,1059,541,1276,205.49,206.66,212.67,375.6,370.66,26.39,178.91,219.29,194.63,166.26
2008M02,93.39,250.35,346.76,254.52,241.67,1382,1958,1160,572,1400,216.39,220.07,218.5,464.75,425,29.78,195.04,235.33,219.01,174.99
2008M03,101.84,272.65,330.45,268.79,209.5,1471,2203,1249,575,1476,228.63,234.36,224.93,594,439.72,29.1,207.66,243.65,241.47,187.79
2008M04,108.76,260.75,310.19,245.35,219.5,1443,2200,1174,558,1425,237.77,246.44,240.28,907,362.23,27.69,212.11,238.69,266.99,200.51
2008M05,122.63,268.42,312.95,240.04,214.25,1502,2345,1207.5,575,1436,238.41,243.46,238.24,901.8,328.76,26.61,212.64,243.43,259.68,224.34
2008M06,131.52,300.12,322.21,245.46,231,1551,2438.8,1213,622,1537,241.01,287.11,262.19,757,348.55,26.74,220.28,256.22,265.86,242.17
2008M07,132.83,296.72,324.87,254.04,241.25,1436,2536.35,1128,634,1511,248.15,265.34,218.82,731.75,328.18,31.37,215.17,249.78,251.09,246.44
2008M08,114.57,281.58,322.82,248.15,260,1193,2372,885,556,1322,212.25,235.03,209.34,693.5,329.34,32.21,193.36,210.42,233.3,213.84
2008M09,99.66,269.57,315.86,232.32,257.2,1110,2341.25,771,509,1226,189.46,233.85,216.01,683.8,295.55,29.83,181.26,191.7,225.3,189.34
2008M10,72.69,227.39,272.47,195.7,222.5,856,2110,545,394,928,143.37,183.06,163.63,609.25,237.38,26.23,148.77,147.76,184.97,142.71
2008M11,53.97,205.46,268.72,200.09,172.75,719,1772,488,378,824,130.09,163.77,150.75,552,226.85,26.7,138.81,136.35,168.68,111.40
2008M12,41.34,239.39,262.28,181.9,177.25,740,1436,503,360,738,115.18,158.26,138.6,531.8,220.14,25.9,133.22,130.15,162.58,89.12
2009M01,43.86,262.59,282.85,182.41,219.25,734,1343,562,413,789.25,121.39,172.83,153.26,580,239.11,27.76,145.58,148.47,177.08,91.60
2009M02,41.84,264.75,285.45,176.85,211.75,673,1293,572,390,748,112.53,163.38,144.13,590.75,224.69,29.26,144.53,147.23,171.56,85.36
2009M03,46.65,251,283.34,168.23,213.8,625,1214,598,379,727,114.85,164.56,138.59,588.25,230.98,29.54,143.43,142.62,172.92,90.96
2009M04,50.28,255.52,297.36,166.51,221,747,1187,702,414,801,111.29,168.5,154.14,549.67,233.47,30.09,150.79,160.9,170.76,94.89
2009M05,58.15,248.09,332.88,166.71,222.25,842.5,1157,801,465,892,128.7,179.91,160.08,533,261.48,35.36,163.18,181.13,179.05,107.29
2009M06,69.15,270.04,330.23,162.68,240.75,747,1154,726,503,896,148.59,179.52,153.04,574.5,256.64,36.22,164.37,179.92,183.24,125.24
2009M07,64.67,279.13,310.63,158.03,267.25,685,1149,639,462,836,140.31,151.57,133.8,572,224.85,40.63,155.01,166.14,165.81,117.30
2009M08,71.63,295.66,330.16,159.5,281.4,747,1131,723,470,886,122.25,151.96,142.37,526.25,210.37,49.47,160.4,175.43,158.04,128.24
2009M09,68.35,314.29,327.45,162.75,296.5,701,1120,674,430,846,103.47,150.39,141.83,518.75,191.09,50.84,155.89,165.53,152.67,122.68
2009M10,74.08,337.26,340.77,162.06,261.25,706,1148,680,427,897,130.65,167.31,159.05,493,198.85,49.91,157.39,165.48,159.31,133.18
2009M11,77.55,338.41,335.57,153.18,290.6,729,1116,725,440,931,155.25,171.64,166.01,542.75,211.04,49.07,162.97,171.87,169.33,139.37
2009M12,74.88,349.76,348.68,154.07,297.67,768,1192,792,450,935,150.59,164.56,166.35,591,206.25,51.87,165.07,175.48,170.51,136.85
2010M01,77.12,352.52,350.31,154.5,284.5,784,1316,793,436,923,146.54,167.31,161.79,568.8,201.19,58.36,167.38,174.78,168.31,142.61
2010M02,74.76,327.65,348.02,149.65,293.75,798,1380,798,406,914,137.38,161.8,154.06,535,194,55.98,161.51,168.92,160.91,138.36
2010M03,79.3,308.98,362.66,148.26,280,921,1380,832,408,915,146.98,159.05,154.7,502.2,191.08,41.14,155.05,166.54,156.21,144.97
2010M04,84.18,322.12,373.11,157.67,260.33,940,1360,830,411,902,151.71,157.08,149.41,466,192.87,36.27,153.32,167.86,152.06,152.21
2010M05,75.62,317.84,382.02,155.67,233,932,1353,811,407,865,143.04,163.38,147.35,451.33,181.61,33.51,151.01,166.06,150.91,138.63
2010M06,74.73,323.09,420.86,169.58,223.5,993,1342,798,408,859,145.93,152.75,130.98,440,157.67,35.01,149.38,164.12,141.46,137.63
2010M07,74.58,322.95,448,187.99,231.5,1031,1300,807,429,907,156.36,163.76,132.4,441.8,195.82,38.49,157.08,170.08,152.94,137.39
2010M08,75.83,307.17,466.48,182.28,250.8,1170,1334,905,456.75,1002.25,161.23,175.58,143.4,452.75,246.25,40.81,167.59,185.92,167.54,138.82
2010M09,76.12,287.5,490.99,179.19,245.75,1275,1270,912,470,1042,168.12,205.89,184.9,476.5,271.67,49.63,177.76,190.54,187.08,139.37
2010M10,81.72,292.75,479.81,187.99,248.5,1412,1331,987,493,1157,174.62,235.81,201.04,486,270.23,54.26,188.96,203.15,200.48,148.21
2010M11,84.53,291.03,514.73,202.91,251.75,1512,1727.5,1109,525.8,1247,179.09,238.18,203.25,514.5,274.08,58.09,197.84,220.97,205.27,153.97
2010M12,90.01,306,547.12,207.43,268.67,1715,1753,1228,547,1322,189.64,250.38,221.57,532,306.52,61.69,208.64,234.75,217.96,164.15
2011M01,92.69,316.5,581.51,222.87,289.2,2038,1788,1281,572,1374,195.2,264.95,246.32,516.8,326.56,65.28,217.67,245.93,225.92,170.63
2011M02,97.91,347.23,634.69,241.08,278.75,2256,1730,1292,570,1365,196.46,292.9,253.15,524,348.12,64.97,223.56,246.15,241.88,178.14
2011M03,108.65,339.29,643.9,260.43,273.75,1925,1650,1180,553,1307,202.57,290.54,266.14,492.75,316.75,57.85,212.05,230.43,232.64,194.92
2011M04,116.24,313.43,661.65,258.76,266.67,2089,1680,1149,556,1315,208.92,319.27,289.61,484.25,336.12,53.7,214.15,227.73,247.1,207.50
2011M05,108.07,307.08,641.74,268.92,261.6,2097,1830,1159,556,1294,209.37,307.86,261.32,481.4,355.28,48.39,210.92,228.26,245.27,194.31
2011M06,105.85,301.57,606.23,260.03,270.75,1803,1980,1133,558,1324,210.06,310.61,260.43,513.75,326.43,55.58,212.06,225.25,245.06,191.13
2011M07,107.92,316.72,590.88,248.53,279.5,1662,2120,1089,559,1337,215.53,300.77,271.17,538.25,303.88,62.21,212.48,222.9,240.05,195.10
2011M08,100.49,306.44,596.22,247.07,279.5,1454,2150,1083,558,1330,206.09,310.22,302.53,566,327.07,61.18,214.4,221.38,250.36,182.97
2011M09,100.82,287.39,606.01,233.82,266.75,1305,2195,1065,543,1305,209.57,295.26,288.81,598.75,315.92,58.78,211.11,216.79,245.91,183.67
2011M10,99.85,268.02,546.35,216.27,269.2,1208,2240,994,503,1220,208.85,274.79,263.67,599.4,289.01,56.11,200.2,203.13,233.02,181.97
2011M11,105.41,252.74,540.33,214.38,265.75,1479,2225,1053,486,1217,211.46,274.39,265.44,615.25,281.01,52.95,199.1,204.64,233.3,189.99
2011M12,104.23,219.69,521.86,216.96,261.33,1445,2270,1027,474,1204,212.27,258.65,256.4,585.75,269.03,50.79,193.36,199.87,221.72,187.96
2012M01,107.07,230.76,522.95,213.23,263.2,1451,2345,1061,498,1218,210.56,272.84,265.66,542,274.89,51.94,197.67,208.08,223.89,192.61
2012M02,112.69,235.62,494.19,224.72,263.75,1411,2420,1106,512,1255,213.4,279.46,269.18,537.5,277.77,53.18,203.58,215.89,226.74,201.14
2012M03,117.79,235.93,443.7,228.33,273.25,1338,2495,1153,543,1287,222.79,280.69,274.03,548,283.88,53.13,209.7,226.8,229.74,208.66
2012M04,113.67,226.68,422.07,224.43,278.2,1348,2570,1181,575,1310,237.17,274,254.85,547.75,266.32,50.16,210.62,237.61,224.59,201.32
2012M05,104.09,231.39,407.08,235.63,279.75,1155,2555,1085,573,1218,239.46,269.28,259.35,600.5,264.36,45.88,206.22,231.41,227.96,185.88
2012M06,90.73,226.42,371.9,233.03,288,1058,2520,999,567,1180,236.76,267.31,263.93,600,276.19,45.13,203.91,224.21,228.95,163.80
2012M07,96.75,234.98,419.87,236.03,298.8,1070,2468,1015,662,1239,253.38,333.05,268.59,573.75,345.69,50.44,225.73,247.09,265.57,173.64
2012M08,105.27,251.23,385.42,234.84,308.25,1001,2553,997,684,1252,265.69,331.99,273.34,567.75,349.4,46.03,226.47,253.23,265.59,187.32
2012M09,106.28,262.03,394.58,231.37,303.5,967,2408,967,670,1283,256.24,320.85,278.16,563.25,353.42,44.07,223.27,250.27,260.8,188.54
2012M10,103.41,246.35,382.1,230.32,288,898,2375,839,617,1175,252.91,321.24,283.07,558.25,358.2,44.78,214.37,227.83,261.1,183.73
2012M11,101.17,247.82,352.54,215.33,304.25,848,2303,813,589,1135,252.07,321.64,289.03,559.25,360.82,42.64,210.21,219.37,261.77,180.85
2012M12,101.19,241.03,336.73,212.94,307.67,785,2216,776,607,1163,242.94,308.65,283.96,557.8,347.96,42.57,207.6,218.58,253.75,181.47
2013M01,105.1,227.54,346.76,219.78,305.2,829,2100,841,592,1190,243.26,303.13,291.01,564.2,335.47,41.61,205.58,217.3,250.09,187.76
2013M02,107.64,219.77,329.5,229.35,291.25,861,1982,863,596,1175,237.14,302.74,288.14,563,318.94,40.28,205.15,218.36,246.82,191.97
2013M03,102.52,215.34,330.21,234.26,265.5,821,1924,854,589,1116,238.13,309.04,296.74,559,309.75,40.82,203.71,213.48,247.52,183.82
