"","Y1979","Y1980","Y1981","Y1982","Y1983","Y1984","Y1985","Y1986","Y1987","Y1988","Y1989","Y1990","Y1991","Y1992","Y1993","Y1994","Y1995","Y1996","Y1997","Y1998","Y1999","Y2000","Y2001","Y2002","Y2003","Y2004","Y2005","Y2006","Y2007","Y2008","Y2009","Y2010","Y2011","Y2012","Y2013","Y2014"
"Portugal",799.1232,543.06455,440.99405,505.331075,683.17535,510.3644,658.325725,565.7629,983.5604,720.633925,1173.67685,584.061125,573.329725,519.31895,639.657125,465.17225,663.3346,1034.716825,838.8634,471.006725,562.693125,682.9456,711.936525,648.091375,685.30155,448.912775,542.613,719.115675,484.672625,607.84085,595.0749,890.7609,654.581725,532.52045,522.36985,642.278475
"Spain",661.999918181818,472.578713636364,371.864509090909,494.520654545455,473.889181818182,516.467768181818,462.842086363636,485.701654545455,666.770581818182,485.320090909091,801.906827272727,490.399145454545,537.018795454546,438.922936363636,486.502777272727,381.922254545455,438.793827272727,1053.27330909091,715.098395454546,381.866631818182,439.662831818182,575.851086363636,562.120609090909,600.62915,673.189772727273,491.129554545455,373.217440909091,567.9219,484.556809090909,609.373695454545,614.384154545455,933.123913636364,531.298981818182,480.290890909091,541.956922727273,532.960381818182
"Tunisia",311.417098305085,284.877708474576,170.521013559322,385.475616949153,204.147942372881,325.901616949153,215.268189830508,330.35206779661,226.851350847458,235.482691525424,201.083744067797,424.982361016949,282.941679661017,312.579405084746,199.915876271186,209.614369491525,309.914977966102,299.170894915254,285.091038983051,237.660181355932,298.501337288136,201.310996610169,176.067088135593,239.115328813559,404.344410169492,301.068918644068,262.778537288136,300.534508474576,307.159106779661,215.113008474576,370.317696610169,289.405433898305,309.919647457627,259.361683050847,271.893023728814,266.974613559322
"Italy",540.3922,411.2631,336.9529,839.5354,398.698,556.1754,559.051,564.1496,412.6746,471.3325,411.2576,585.2667,502.9627,583.8335,534.6681,407.8515,546.0941,677.4664,586.1336,422.119,471.3264,431.8142,314.2853,405.6775,757.6545,648.0725,582.8791,655.029,572.9797,499.5571,661.1903,636.6319,670.9827,536.9991,534.059,491.3847
"Greece",889.123788888889,774.758511111111,864.218922222222,786.0862,782.469944444444,795.303466666667,752.8581,784.618555555556,759.654833333333,773.786844444444,454.115588888889,473.467511111111,628.100822222222,449.326088888889,613.795666666667,676.4601,536.825711111111,817.870333333333,683.838411111111,643.195166666667,581.650133333333,533.296455555556,694.0557,788.083533333333,850.407211111111,637.383655555556,620.608277777778,579.354533333333,531.550455555556,581.011588888889,720.915922222222,544.870222222222,601.693211111111,615.177511111111,588.549111111111,598.024311111111
"Turkey",692.737174074074,646.140685185185,845.718883333333,545.227907407407,667.009248148148,598.277846296296,612.45947962963,579.685662962963,661.17492037037,797.784274074074,443.93812037037,411.072538888889,638.750159259259,521.420487037037,516.884598148148,727.592644444444,550.523094444444,730.218377777778,666.486090740741,659.084627777778,477.788222222222,579.879201851852,766.195292592593,616.181235185185,711.656868518519,621.412483333333,530.888537037037,605.671666666667,570.75987962963,394.587874074074,754.974211111111,571.118538888889,605.047553703704,787.749916666667,486.939325925926,593.886407407407
"Syrian Arab Republic",353.249512328767,406.383798630137,415.850754794521,360.941842465753,340.010804109589,315.520265753425,310.388490410959,373.998883561644,429.668054794521,514.382965753425,228.342012328767,238.349532876712,405.358249315068,372.134221917808,336.088216438356,447.207975342466,282.255620547945,442.52781369863,383.014532876712,316.802180821918,205.511468493151,311.82624109589,362.41174109589,343.72445890411,427.822120547945,355.576778082192,290.133561643836,350.899039726027,317.435850684931,241.872805479452,367.957678082192,274.177478082192,340.696434246575,416.573117808219,289.481917808219,280.15347260274
"Iraq",226.326218128655,280.017187134503,266.815671929825,344.537528070175,209.704849707602,243.705692397661,233.773698830409,321.297087719298,317.78550994152,304.79267251462,206.018414619883,171.037457894737,292.702698830409,296.272787719298,332.744005263158,346.22729122807,240.239653216374,281.202611695906,284.106994152047,251.160514035088,181.885125730994,222.178812280702,206.595569590643,268.612795906433,275.778773099415,256.549485380117,231.755268421053,291.158963157895,192.926007602339,155.27201754386,206.478185964912,164.302845614035,193.637240935673,213.729698830409,233.580867251462,230.42251871345
"Iran (Islamic Republic of)",289.88883025641,288.171284444444,263.264635042735,368.612880854701,241.207492991453,248.003237777778,205.817542222222,326.255968205128,238.461218119658,277.888934871795,231.737372478632,200.300177948718,318.934561709402,351.608719316239,318.161431965812,302.828597777778,285.105775042735,325.219828547009,308.228888376068,275.680463076923,251.544018119658,218.084160512821,189.632287008547,253.292094871795,268.425681880342,303.888686495727,259.498739316239,281.53758034188,244.00373025641,168.164479145299,270.012572820513,170.96863008547,253.047404444444,242.33667042735,214.734924444444,221.935232820513
"Turkmenistan",259.865316666667,261.16876,311.463306666667,343.188433333333,216.006123333333,187.972633333333,198.402166666667,219.571276666667,206.637806666667,287.45466,226.780836666667,241.588256666667,301.513436666667,330.031906666667,278.227083333333,223.94439,205.397466666667,182.038456666667,278.303093333333,293.505706666667,225.14347,136.725206666667,133.713426666667,256.20206,254.727603333333,248.691856666667,211.750533333333,233.429236666667,211.035306666667,129.038796666667,290.79544,158.644356666667,234.983826666667,274.707686666667,204.49055,227.199843333333
"Algeria",121.720840420561,123.171244275701,76.6485122663551,122.132230490654,56.7378047897196,89.6186759345794,95.7838135514019,120.392051869159,89.5576462616822,102.432037266355,85.093211682243,124.250667757009,114.511767873832,104.912902336449,101.52482978972,111.429734929907,99.3708328271028,138.126044859813,112.610081542056,78.2625938084112,112.237648014019,68.6665307242991,63.2615272196262,91.557541588785,124.322442873832,120.780917757009,108.878361448598,116.29541728972,100.367468808411,122.861231191589,138.331719626168,121.564339135514,119.261703621495,106.609527336449,98.5938093457944,104.28698364486
"Afghanistan",186.860406862745,220.009950980392,209.008690196078,297.838858823529,183.664366666667,132.683910784314,160.320400980392,192.2162,123.392581372549,200.370973529412,163.656067647059,181.262568627451,263.881955882353,250.114458823529,200.85752745098,161.029505882353,182.716499019608,180.24936372549,229.518499019608,207.217161764706,161.220812745098,95.6271225490196,74.9555578431373,145.780969607843,151.701637254902,145.264293137255,171.071866666667,158.463125490196,155.110850980392,118.13815,215.933361764706,96.2610970588235,183.27228627451,184.626469607843,152.765702941176,165.071206862745
"Morocco",335.592249681529,259.095692356688,159.507063694268,303.771589171975,207.869727388535,225.656704458599,273.329725477707,260.61324522293,334.666213375796,297.212770063694,394.942322292994,247.957587261147,299.158456687898,212.868138216561,261.850556050955,212.637375159236,260.052975159236,528.250518471338,346.659963694268,197.838321656051,256.698026751592,227.861488535032,206.820329936306,317.424913375796,341.167877707006,251.232071974522,205.817256050955,295.880398089172,232.573337579618,339.768227388535,358.449238853503,452.554057324841,327.529866878981,260.124798726115,256.02751910828,360.222282165605
"Cyprus",583.50175,544.379,798.5377,461.5144,607.2673,586.0049,558.15765,492.42835,644.75345,729.6938,425.92155,374.16185,658.73535,536.8688,371.4292,683.0814,422.05145,586.55365,563.92925,531.59285,393.4241,613.16865,685.75365,555.41525,582.8164,563.03515,456.30465,497.73225,507.0228,351.5528,788.1191,527.77165,561.9938,714.91635,344.6794,498.64355
"Lebanon",421.3235,497.3964,451.9687,415.5391,408.9795,411.6659,305.1711,401.077,412.7187,491.4142,236.5906,255.7939,503.4026,475.7942,291.6409,531.6144,258.0383,413.9362,470.7781,328.6431,205.9912,365.271,349.7488,430.1855,538.1975,394.8521,380.0869,375.1017,349.3273,265.672,434.7922,297.6595,402.9287,452.9643,315.846,245.7433
"Jordan",185.306565714286,202.972197142857,96.1853514285714,194.51906,145.565588571429,121.576288571429,149.449088571429,172.388617142857,151.155251428571,239.43676,107.696357142857,124.087042857143,223.699554285714,196.043988571429,110.767474285714,221.602302857143,84.4466628571429,137.661814285714,173.304774285714,115.4924,70.8997314285714,126.983142857143,161.810965714286,173.210508571429,150.01968,134.270728571429,112.566488571429,127.632542857143,117.804925714286,93.7484857142857,125.156008571429,130.948468571429,123.399834285714,143.703382857143,131.46356,128.73896
"Libyan Arab Jamahiriya",63.6951741116751,71.0384566835871,75.1897749576988,78.8373629441624,62.7543918781726,60.5057165820643,54.1811351945855,74.6342434856176,44.8749153976311,67.027276142132,40.6317067681895,65.4881868020305,89.1764758037225,42.0176906937394,53.2556060913706,74.9275741116751,71.5654434856176,43.8582989847716,50.2554181049069,53.4210653130288,42.9053778341794,51.2178749576988,48.4256241962775,46.9836937394247,45.3100456852792,38.9048686971235,65.293144500846,71.7150005076142,52.5839553299492,57.8531098138748,46.6976170896785,38.400976142132,61.7529086294416,53.835527749577,41.6290854483926,41.4353165820643
"Israel",223.221357142857,252.3594,149.926642857143,230.442528571429,208.924271428571,167.330928571429,185.764642857143,242.599628571429,187.221014285714,280.322771428571,153.700628571429,163.6487,312.313857142857,277.347228571429,152.599614285714,310.390742857143,126.347357142857,189.3508,239.9529,159.531528571429,106.202114285714,210.103971428571,202.405714285714,244.562042857143,228.935585714286,204.926728571429,178.1957,190.015842857143,172.2283,146.364571428571,181.454514285714,165.519757142857,200.853128571429,217.170328571429,185.020171428571,168.507042857143
"Palestine",236.3688,261.8881,111.6755,215.0015,201.2148,145.0007,189.0571,209.2346,164.5464,282.5628,135.6833,155.3863,290.1378,265.6722,125.7308,278.895,97.74,170.6203,219.7413,141.6974,87.696,157.2236,211.6666,229.2194,184.372,169.4501,151.5907,164.2928,148.1122,123.8802,155.9899,160.172,158.8162,179.0032,160.9038,155.963
"Saudi Arabia",127.232668201439,110.30277323741,106.129861870504,185.52724705036,112.406217985612,89.5624458992806,117.671470791367,120.353346618705,86.9446795683453,97.9371269064748,132.624885899281,62.1812833093525,88.8595276258993,120.400727769784,137.755510071942,84.7797152517986,142.571184460432,130.441429928058,155.741290647482,99.859458705036,66.5995890647482,66.194466618705,67.909078705036,78.629325323741,85.155730647482,82.4107058992806,104.547701294964,84.1733343884892,54.7845856115108,53.461951942446,69.6130382733813,69.1948316546763,60.1447267625899,69.2388656115108,92.1238025899281,67.1149860431655
"Egypt",29.2955350828729,33.5141571823204,25.6109104972376,29.8266008287293,33.1985737569061,22.3561317679558,30.4150682320442,27.2984961325967,26.9202859116022,44.1798113259669,27.2949129834254,23.4488359116022,52.8854737569061,35.0480607734807,29.0445955801105,50.3576491712707,22.1299870165746,27.4174428176796,36.7977718232044,33.5912450276243,19.345708839779,35.7129748618785,25.2365812154696,29.9918132596685,30.8074966850829,25.9758712707182,29.1648386740331,24.6734367403315,28.9934331491713,27.6828444751381,30.7582709944751,31.7451359116022,34.056129281768,40.1915284530387,32.7853439226519,33.6591569060773
"Kuwait",127.130025,137.572625,146.30195,229.0564625,93.2893625,141.4605,122.7427125,190.123025,128.3835875,148.3259125,175.16055,83.1244,189.2085,209.8161875,254.6821625,217.1884,261.7024375,225.3588375,255.546825,203.3515875,193.340175,190.276125,135.5629625,149.3052375,131.1583625,189.2366375,224.371325,170.294925,122.773075,78.3961375,144.9540125,70.7284,95.42965,129.9615375,125.8844625,133.8957625
"Pakistan",139.887344680851,105.018519148936,79.5308765957447,271.833234042553,150.910380851064,86.2221425531915,55.4074659574468,98.0778723404255,96.1246787234043,93.0990276595745,80.9950978723404,114.8435,136.892625531915,148.548540425532,51.5534404255319,150.072180851064,154.22904893617,118.599619148936,226.358380851064,99.5179063829787,79.9573212765957,28.5688574468085,44.0046255319149,42.5433510638298,108.955278723404,75.7340765957447,159.8449,133.77489787234,207.214476595745,123.866753191489,141.604074468085,133.377168085106,176.370857446809,102.773610638298,190.973293617021,117.438014893617
"Western Sahara",99.1639419354839,53.1716892473118,58.718188172043,34.4328935483871,35.5888,41.7836408602151,54.1070268817204,66.6586537634409,107.114440860215,76.9337268817204,94.4247376344086,60.2362462365591,91.2171086021505,27.6662053763441,81.8916602150538,55.3547322580645,76.6396860215054,85.2048397849462,46.6657591397849,59.0244677419355,72.7724709677419,40.7232204301075,24.1299376344086,64.470411827957,98.2643225806452,59.4247806451613,96.8610989247312,83.1706612903226,47.5557107526882,54.7273634408602,86.5976505376344,91.8912752688172,54.4270397849462,58.4799741935484,64.1084903225806,79.7346086021505
"Mauritania",125.7648475,110.920158333333,125.484937777778,84.8573313888889,67.2526347222222,83.8343608333333,100.441518611111,113.464714722222,108.769937777778,126.159443333333,144.233751388889,79.7899694444444,90.856685,115.68392,138.167503611111,142.080856944444,146.859019722222,106.37724,98.2095458333333,101.322055833333,150.006530555556,114.577598055556,100.551141111111,89.4937936111111,166.256825833333,109.276066944444,145.458724722222,126.959353333333,100.566039444444,133.471259444444,161.343363333333,204.145697222222,98.6942594444444,155.4444725,129.005244722222,112.253826944444
"Qatar",99.1676,87.8432666666667,53.0281,256.749,111.870266666667,66.0593666666667,43.5631333333333,101.059966666667,68.9661666666667,154.8481,124.6902,73.4291,96.9476666666667,153.8895,156.238166666667,79.2715333333333,271.033733333333,146.614833333333,222.6029,105.558933333333,97.0361666666667,116.0878,45.3820666666667,93.9632666666667,157.882566666667,116.301866666667,115.9134,149.085666666667,71.4074666666667,60.1791333333333,114.350966666667,47.7873666666667,111.824366666667,85.8081,127.7831,104.083766666667
"Oman",77.6041055555555,50.1693814814815,48.3427462962963,153.299568518519,189.912764814815,22.8407805555556,22.634612037037,59.8184509259259,82.6825703703704,85.509887962963,113.130262037037,89.7499231481481,57.5152490740741,152.566290740741,81.6536509259259,64.2846046296296,173.472769444444,133.491360185185,174.840330555556,76.2488166666667,61.3977342592593,52.7318351851852,31.4260925925926,70.6602490740741,85.9332546296296,71.9875444444444,90.1756314814815,89.0123324074074,117.759272222222,60.1170037037037,79.1924407407407,91.4779083333333,113.626374074074,79.7407814814815,118.453881481481,87.1657981481481
"United Arab Emirates",117.691304347826,88.4108695652174,58.2812391304348,262.594443478261,134.209695652174,29.1206130434783,24.1864869565217,82.4272913043478,101.290152173913,178.55422173913,105.81592173913,85.2189347826087,73.0118869565217,149.224108695652,131.033152173913,50.2970434782609,198.356947826087,150.124630434783,212.8767,108.062026086957,75.8036217391304,63.3603304347826,44.6874,84.5623826086957,103.74002173913,82.2354956521739,106.165217391304,121.774973913043,60.8939217391304,116.586,115.618891304348,70.8517608695652,69.8086043478261,57.8650304347826,120.966995652174,106.401717391304
"Mali",328.434577751756,337.434551522248,330.979745901639,284.213354098361,249.752162295082,246.396694379391,286.579320843091,305.475957845433,259.556607259953,359.244267915691,330.325765339578,269.216797423888,325.773295784543,335.335427166276,314.582838875878,432.450000936768,332.477870960187,324.768365807963,308.04991030445,364.211446370023,429.914105152225,316.413993442623,339.084372131148,284.986362295082,422.310312880562,338.22092763466,344.432417330211,358.502155737705,352.089601873536,394.264299531616,344.659753395785,406.724582201405,303.499319906323,454.134888992974,370.446107728337,366.215692505855
"Niger",171.212994554455,192.910261633663,153.338565346535,138.826378960396,121.956607920792,89.5688737623762,138.169430445545,156.104056930693,107.63911460396,191.618973019802,161.009796782178,120.432579950495,175.179795544554,182.641107920792,150.095222029703,235.344135891089,146.165178465347,140.849976980198,144.374240594059,196.167057673267,209.193517079208,143.621126980198,162.162833168317,157.347466336634,204.493374257426,137.430660891089,193.28092029703,178.768287128713,190.772961138614,186.45969529703,155.104993069307,220.79201509901,152.557778960396,228.231456930693,175.656500990099,169.626048267327
"Chad",354.129442424242,377.227037296037,350.510901165501,300.310757808858,270.332948251748,231.967797202797,289.251995104895,279.467666200466,271.634307925408,421.270503962704,325.576365734266,251.527271328671,339.125886946387,340.537695804196,286.023456410256,419.238166433566,354.845744055944,326.982727505827,323.146077389277,385.533132167832,410.404532634033,299.93410955711,377.768542657343,310.96636993007,373.781963170163,344.434407692308,391.296371328671,427.660648951049,341.558141258741,381.630832167832,296.670517948718,419.472768298368,339.645675291375,466.456538228438,368.225364568765,350.155272494172
"Sudan",446.464649880096,452.478124220623,438.7591117506,399.662528896883,372.1461941247,317.335392805755,428.269930335731,395.266851798561,402.50142793765,516.784233333333,467.889141726619,374.311498920863,437.220517625899,458.191881654676,447.275722422062,477.386986690647,463.557580095923,464.707622541966,481.519243285372,498.727864508393,523.699333093525,433.801977458034,465.106985611511,429.735873381295,468.122316546763,407.886892446043,447.983444364508,498.567063908873,533.80698381295,472.18132206235,397.072702398082,414.086042086331,424.302142685851,463.87771882494,430.283289328537,498.137098321343
"Yemen",230.048840277778,169.120953472222,169.593156944444,157.878365277778,275.693954166667,91.2338520833333,111.683391666667,163.979943055556,145.662340972222,138.219350694444,196.4008125,119.387565277778,122.358630555556,176.806936805556,175.742920833333,128.398688888889,159.304290972222,195.763161111111,215.133126388889,170.486157638889,171.451054166667,126.449814583333,164.762727083333,177.485457638889,183.671042361111,164.139164583333,173.631976388889,185.511579861111,148.388152083333,125.804769444444,132.866901388889,190.078872916667,161.421177777778,163.148609027778,218.861240972222,157.476233333333
"Eritrea",454.62055,468.2979925,450.195185,385.940855,381.283525,287.35302,397.24131,397.5903525,379.9387025,447.104355,355.691645,265.87578,270.46636,471.6155475,482.294855,467.51612,494.7474475,489.9731225,540.5905825,542.7942675,501.6379,423.4841475,386.127935,324.0862425,383.03313,334.4887475,403.3112625,421.66094,387.4475975,307.8055525,260.2233925,384.12179,296.354225,345.5588775,322.0476825,421.9998125
"Senegal",630.937876470588,544.960336764706,652.60765,564.994210294118,449.151608823529,561.839426470588,614.967158823529,640.919369117647,656.973123529412,736.276654411765,713.7952,551.909011764706,551.089495588235,599.433219117647,661.610169117647,757.865973529412,689.526020588235,649.571217647059,638.296729411765,670.969572058824,838.798089705882,727.087494117647,643.952857352941,549.245244117647,867.875838235294,633.637167647059,709.193545588235,637.133717647059,585.442425,769.570951470588,715.281966176471,808.121773529412,518.293461764706,776.592166176471,725.443211764706,572.065894117647
"Cape Verde",140.1663,197.9222,401.5414,311.4643,197.3828,289.905,266.2562,484.0174,232.8329,263.5461,339.2376,306.3296,164.1378,103.8676,335.5785,149.7697,167.4055,221.3792,92.2559,133.0667,175.0359,178.3562,119.5313,151.7717,178.8635,240.4081,144.9386,136.6421,132.9152,221.7959,235.5005,217.0663,164.5604,206.7648,254.836,94.1771
"Burkina Faso",841.09265,786.413886046512,765.013688372093,750.006925581395,624.905369767442,627.155934883721,724.117601162791,784.352129069767,693.157415116279,838.768805813953,822.694961627907,691.326905813953,945.448486046512,810.916187209302,774.219513953488,1021.08833837209,827.848276744186,836.477096511628,796.797074418605,912.938338372093,939.91621744186,780.740726744186,785.622505813953,715.483060465116,993.474101162791,784.432723255814,805.535913953488,839.036001162791,901.110931395349,879.262904651163,888.434238372093,951.697794186047,761.043120930233,942.504390697674,814.863425581395,878.540226744186
"Ethiopia",945.679601897019,875.081034146341,1043.31887154472,1013.64613170732,956.396293224932,744.177785907859,901.229704607046,821.951169918699,832.71185501355,903.602453387534,911.343942547425,823.400756097561,780.915892140921,816.1982799458,864.049705420054,842.710550406504,792.868531436314,908.658533875339,1002.87604200542,899.035078861789,833.406920054201,855.609341192412,833.398515176152,759.715575067751,821.622915176152,776.987523577236,782.195687533875,921.25084905149,803.88135094851,779.942209214092,626.474856639566,797.643073170732,767.891427100271,851.953177506775,775.337296205962,807.205439295393
"Nigeria",1231.47979636964,1272.78662442244,1182.00802574257,1135.34668217822,937.094621452145,1095.13082937294,1150.66160231023,1129.41722541254,1071.36109471947,1271.01142640264,1228.77005181518,1223.33831518152,1350.01442475248,1201.62508184818,1218.2911339934,1291.40437227723,1281.17787326733,1293.58890858086,1310.44196963696,1213.45124488449,1310.15244950495,1129.06520990099,1231.89105841584,1244.93387623762,1167.76848019802,1186.44043993399,1204.33092739274,1380.91049636964,1360.07875148515,1247.29748217822,1185.24685544554,1315.32630495049,1078.80224455446,1332.70102244224,1139.2532689769,1226.92504653465
"Gambia",772.501966666667,617.611933333333,767.9848,669.813733333333,528.745866666667,682.972366666667,722.388233333333,742.7782,790.805733333333,894.850233333333,846.3441,648.772233333333,629.423266666667,718.3169,783.984333333333,879.584066666667,800.703833333333,745.9125,776.563433333333,787.8842,1014.78493333333,901.152333333333,743.5796,641.4541,982.7339,737.983033333333,842.138366666667,782.1904,673.591566666667,950.1731,813.412566666667,917.496866666667,584.859466666667,918.7573,845.1334,658.579766666667
"Cameroon",1659.4103047619,1725.66740068027,1633.29754965986,1673.8411047619,1367.61608027211,1595.26210544218,1682.46693197279,1518.31406598639,1476.79204081633,1668.40512380952,1570.30278639456,1707.8116122449,1625.47363061224,1588.04995170068,1646.60595918367,1630.3218755102,1612.10338707483,1616.80118571429,1646.9617,1519.05650884354,1664.21157619048,1536.40399115646,1563.94254829932,1694.10854761905,1347.93136394558,1523.17394489796,1504.26967414966,1737.34457619048,1720.50811836735,1426.17347482993,1428.80743469388,1660.55444081633,1453.05512721088,1582.69301632653,1651.46496870748,1520.01802108844
"Guinea-Bissau",1615.16683636364,1496.75609090909,1738.62356363636,1579.97498181818,1443.442,1427.26537272727,1531.58983636364,1608.21946363636,1604.58925454545,1716.66466363636,1790.22665454545,1495.91894545455,1655.29463636364,1645.75289090909,1652.42559090909,1900.85678181818,1657.8589,1572.01496363636,1746.12788181818,1757.09445454545,2064.61555454545,1790.26699090909,1755.20671818182,1573.32389090909,1995.55057272727,1633.91808181818,1509.79029090909,1646.30622727273,1399.49449090909,1773.10859090909,1380.62565454545,1523.43381818182,1201.97310909091,1695.67657272727,1811.69085454545,1505.94612727273
"Guinea",1724.86143205128,1669.97323974359,1771.33046794872,1657.09999871795,1514.91636410256,1488.52767051282,1613.27246923077,1635.75798974359,1604.17348846154,1697.21259102564,1737.40323974359,1695.02435769231,1721.41055641026,1775.14556410256,1734.25603461538,2026.75406794872,1765.34302307692,1779.19517820513,1819.21498846154,1913.85559615385,1943.45898717949,1760.66870128205,1870.92234102564,1687.10437820513,2136.02440897436,1705.75917692308,1467.82476794872,1855.67511025641,1529.3519,1834.21559358974,1410.91460641026,1425.24007820513,1170.41427948718,1743.01873333333,1932.19444871795,1691.77226794872
"Benin",1243.07262564103,1117.19583076923,1038.82727179487,991.212561538462,842.206782051282,1039.67669487179,1116.37012820513,1037.00874615385,1051.82506153846,1185.47978205128,1190.83644102564,1029.60861025641,1340.67291794872,1014.19295897436,1092.69958717949,1240.70178717949,1203.31757692308,1146.08839230769,1125.53732820513,1170.43283589744,1219.54130512821,1045.55246410256,1005.27753846154,1128.13838717949,1255.83332307692,1150.93637692308,1077.46908974359,1069.69660769231,1251.10673589744,1246.63351025641,1174.50163846154,1235.14047179487,1019.16781282051,1136.53871538462,967.005156410256,1136.76308205128
"Djibouti",409.323228571429,292.359214285714,480.713728571429,476.940814285714,479.089128571429,232.076957142857,375.779285714286,440.134585714286,393.665585714286,425.6619,533.267471428571,371.374085714286,376.1954,381.167614285714,462.2131,433.045385714286,432.135214285714,449.991014285714,466.271514285714,416.489628571429,399.585914285714,404.985042857143,368.484142857143,295.784957142857,350.115771428571,380.724114285714,369.603271428571,454.044585714286,325.861071428571,307.456642857143,238.996514285714,449.733385714286,291.410442857143,399.330614285714,379.692214285714,317.153085714286
"Somalia",355.827131603774,238.241916509434,448.076643867925,430.242519339623,275.68505754717,265.882044339623,350.711954245283,311.166811792453,364.629516509434,284.17036745283,416.203668867925,307.692209433962,308.489226415094,266.714659433962,359.608706132075,389.532229245283,318.815508490566,279.513695754717,691.189913679245,328.239370754717,322.945428773585,308.752564622642,302.104986320755,387.990110377359,378.543446698113,427.423650471698,302.604309433962,475.650564150943,327.474761792453,302.231333490566,345.75760754717,375.057839150943,403.319966037736,457.203508962264,415.204004245283,354.060272169811
"Ghana",1461.28586282051,1311.26236282051,1213.50018076923,1139.65620128205,905.629776923077,1293.07424871795,1285.39787564103,1166.76200384615,1321.6271474359,1245.70555384615,1392.88615769231,1132.05832564103,1430.31428974359,1065.49932564103,1208.04156923077,1208.98662435897,1321.58540769231,1300.37056923077,1261.98747051282,1128.41167564103,1382.16437692308,1191.90592307692,1065.67193461538,1236.54816025641,1335.61893076923,1273.72208974359,1213.78283589744,1146.7604448718,1291.37060769231,1320.60470641026,1177.46108589744,1334.53378205128,1092.17008333333,1057.24571025641,1035.81057179487,1215.17030128205
"Togo",1411.18225,1204.3734,1099.97710555556,1024.77313888889,874.981866666667,1165.17027777778,1240.83287222222,1102.07367777778,1202.34828888889,1281.50578333333,1325.35460555556,1108.56305555556,1426.54190555556,1042.29458888889,1198.6683,1218.33795555556,1353.43648888889,1211.65756666667,1230.5451,1189.53057222222,1306.00741111111,1105.94277222222,1011.33257777778,1225.85793888889,1346.84653333333,1261.60967222222,1137.83817222222,1125.88996666667,1348.80363888889,1283.49049444444,1261.71161111111,1330.42535555556,1078.02302777778,1148.89202222222,1003.46462222222,1179.08063888889
"Central African Republic",1416.09246960784,1387.80789362745,1378.39145686275,1353.4948872549,1280.81059705882,1193.59110294118,1357.23022254902,1252.15636519608,1268.7896504902,1417.04969411765,1372.90325637255,1404.54921764706,1433.99315392157,1378.41934754902,1357.77586568627,1339.58435196078,1364.21677205882,1377.16834754902,1309.891375,1468.89756372549,1503.86159607843,1254.09660343137,1346.27478284314,1360.76622843137,1406.39941323529,1320.36943088235,1301.26234117647,1423.0873,1430.87256715686,1383.72357990196,1225.5824245098,1454.28457892157,1301.14107303922,1443.93876813726,1427.71751372549,1277.91773627451
"Cote d'Ivoire",1538.38610550459,1424.49513486239,1294.36501100917,1265.97656972477,993.544124770642,1381.02340366972,1425.93180917431,1201.48192844037,1389.4298706422,1371.71306055046,1495.06323302752,1234.87490733945,1313.76538715596,1160.79436422018,1272.57289174312,1386.62585963303,1431.4608853211,1395.42630825688,1211.29398990826,1283.98606055046,1418.74830733945,1304.64366513761,1175.8773146789,1195.60941100917,1456.03042018349,1281.14571284404,1217.98826605505,1291.38432018349,1245.97724220183,1398.98132110092,1177.1016440367,1455.41450275229,1157.43588715596,1217.69307431193,1265.7578266055,1403.89254587156
"Sierra Leone",2696.55474,2572.905632,2670.57158,2427.969436,2422.889412,2259.76626,2263.881608,2343.41906,2351.964004,2282.272012,2454.501508,2242.183448,2253.678752,2485.184068,2440.960672,2580.915864,2498.547216,2546.88514,2411.276796,2728.717504,2436.246376,2391.738324,2420.597612,2290.179064,2659.346924,2190.518532,1875.055984,2439.315016,1874.507804,2294.859412,1456.567236,1624.034948,1474.784112,2135.338984,2335.302952,2419.72376
"Liberia",2484.91787096774,2347.17672903226,2174.59661935484,1990.36374516129,1860.4176516129,2186.48719032258,2203.90782903226,1853.40538064516,2063.43328387097,2092.75030322581,2148.76828387097,1844.72250967742,1899.53400645161,1897.76154516129,1922.26445806452,2146.67257741936,2195.81881612903,2262.2207483871,1964.67251290323,2290.02581290323,2142.98884193548,2105.0979,1858.18893548387,1809.34312580645,2190.11351612903,1887.38654516129,1633.27096451613,1916.69126451613,1719.45786451613,2090.16591612903,1284.38909677419,1826.93465483871,1395.22236451613,1779.69372580645,1868.87662258065,1953.57333870968
"Democratic Republic of the Congo",1649.09010691906,1625.00115091384,1625.13577650131,1664.16073720627,1568.59301710183,1576.15536174935,1699.47299738903,1662.43605626632,1678.44191031332,1733.83415887728,1755.11412480418,1695.22897415144,1624.17041031332,1604.5272727154,1586.93406449086,1542.87917715405,1537.63370900783,1565.76957258486,1601.32157154047,1494.98210469974,1641.7928843342,1686.00634516971,1709.0906732376,1735.63093211488,1563.46051436031,1682.66145652742,1540.63347663185,1792.77987506527,1770.77279386423,1584.49383668407,1608.62525078329,1623.4915075718,1663.40134190601,1607.49487232376,1506.40705626632,1497.09430522193
"Kenya",791.632757754011,526.278284491979,758.032022459893,848.974047593583,571.417312834225,522.804611229947,665.010626737968,696.452832085561,561.044652941176,774.956010695187,803.269251336898,803.508318716578,584.04805828877,605.558450802139,532.040636363636,730.353628877005,616.610103743315,522.323447058823,1023.59710695187,784.057512834225,572.150326203209,424.321614973262,612.093711229947,700.591343850267,588.116229946524,564.594889304813,413.930836363636,822.130941176471,591.083218181818,501.675784491979,490.385278609626,547.086811229947,673.528957219251,598.46899197861,593.303167914439,505.371078074866
"Equatorial Guinea",2095.35225555556,2224.93528888889,2000.78093333333,2053.38851111111,1699.6129,2315.68194444444,2246.969,2011.31332222222,1994.62656666667,2304.19335555556,2090.91903333333,1882.71331111111,1882.26712222222,1712.24313333333,1874.83623333333,2069.32473333333,2043.89415555556,2064.12983333333,1965.54862222222,2033.79777777778,2100.98343333333,1922.85362222222,2043.8572,2302.79454444444,1918.65837777778,1834.29782222222,1823.66483333333,2098.01547777778,2272.10556666667,1640.07584444444,1727.97845555556,1903.246,1566.909,1901.76456666667,1999.78912222222,1927.61916666667
"Uganda",1164.87954390244,1140.50316707317,1262.29339634146,1357.63929756098,1191.86032195122,1125.43992317073,1315.52198292683,1247.83020365854,1227.36804146341,1463.17947926829,1236.7680402439,1283.07008170732,1281.49503292683,1218.34743048781,1121.4126195122,1358.41523414634,1249.02970121951,1316.15784146341,1374.31187317073,1259.69164756098,1299.98767073171,1144.68945365854,1356.09445853659,1278.06575731707,1246.69032804878,1241.18901707317,1144.31007682927,1391.25498780488,1306.7370695122,1291.34581219512,1138.25823780488,1242.61144268293,1288.93852926829,1260.70730731707,1173.44081219512,1118.3445097561
"Congo",1672.84010363636,1703.12787181818,1652.16456636364,1607.45732454545,1376.70415181818,1636.45980818182,1743.01951636364,1607.38219909091,1614.87278545455,1776.54707909091,1721.45109454545,1753.12206545455,1556.70863909091,1588.67635,1555.44313,1648.31333636364,1643.99351636364,1550.58707181818,1592.92176181818,1601.61566545455,1781.44371,1733.44144090909,1608.22699636364,1745.22028818182,1522.90579727273,1537.61202636364,1469.28525909091,1650.32622181818,1873.73976909091,1567.94472727273,1677.50599545455,1635.85650363636,1632.88878,1560.28367636364,1574.80926727273,1562.89599818182
"Gabon",1753.57502857143,1941.08017619048,1791.799475,1703.19085,1360.33334642857,1979.64328809524,1961.67516666667,1729.71340357143,1720.95004880952,2039.81071904762,1860.08008809524,1805.60559880952,1692.88713809524,1561.18467380952,1647.89073095238,1846.3504,1843.78686547619,1736.07582738095,1760.88574047619,1680.22117738095,1884.22138095238,1855.72122380952,1778.11600833333,1962.63886547619,1746.96920595238,1556.04348809524,1612.1107297619,1841.81170714286,2104.61214880952,1587.03319761905,1816.05931785714,1828.13963095238,1671.16555595238,1803.80571071429,1755.56898333333,1798.86457261905
"Sao Tome and Principe",1003.8396,763.7571,991.4581,960.9889,630.3359,1534.1404,1363.1583,1169.1579,1005.1128,1684.9717,1381.167,1042.47,1108.8325,1106.6429,1457.6877,1261.9143,1694.2245,1394.0589,1417.8375,1647.7211,1822.7304,1348.4622,1234.6855,1773.8307,1669.7646,1252.5947,1034.8638,1193.5471,1746.1973,1217.6699,1300.7359,905.2695,899.3329,1307.4603,1143.4801,1188.4448
"Rwanda",1401.30633,1358.51722,1443.53949,1487.78385,1397.81364,1325.76161,1382.80444,1438.84766,1346.01346,1479.50793,1305.28022,1322.043,1339.21826,1335.01894,1290.807,1509.86935,1382.86062,1389.71662,1544.85679,1437.57517,1427.86494,1398.60153,1598.81891,1431.73723,1397.1979,1563.69502,1347.42145,1653.85889,1590.89352,1526.49626,1406.02223,1540.8972,1565.5546,1433.87456,1327.72787,1291.82705
"United Republic of Tanzania",1279.7728503268,1066.15416928105,971.229218954248,1249.34111601307,948.678195424837,1106.82688823529,1048.88764477124,1174.87884836601,941.429644117647,1027.29321797386,1227.16723300654,1044.16871666667,1030.21785130719,960.018969607843,899.153013398693,1029.15448006536,935.659269281046,923.445553267974,1133.90592418301,949.590385947712,951.156273856209,922.092191830065,897.884103921569,1090.54032124183,766.19664248366,1023.47785947712,709.991191830065,1219.19121568627,971.195404248366,973.014685620915,931.593888562091,837.285682352941,1106.14585196078,882.382464379085,912.815704248366,966.61067124183
"Burundi",1265.52842,1179.5192,1231.61836,1379.4382,1166.77662,1119.8947,1273.16598,1327.07102,1248.24778,1350.65534,1358.61102,1265.25478,1223.7898,1149.12468,1027.18766,1192.88852,1044.00672,1101.92028,1377.7848,1196.88378,1221.56272,1222.91782,1346.74364,1302.15458,1116.81002,1347.9279,1020.56066,1488.11624,1323.29474,1345.97064,1270.59978,1264.1786,1452.23776,1208.54956,1165.84024,1136.41666
"Angola",1096.57181057692,949.918785576923,984.863240865385,1023.71243701923,1007.94037259615,1051.39141971154,1005.91049326923,1132.60416875,996.988084134615,1175.95213197115,985.996880769231,1004.10243629808,1035.33152259615,927.564006730769,1069.57365600962,990.655006971154,959.973678605769,1000.71881826923,1061.11644639423,976.425850240385,1034.80735120192,986.225813461538,1074.77910889423,1031.06182668269,972.409884615385,1017.39589855769,1059.11837596154,1186.84678293269,1163.46890793269,978.979920192308,1087.82598918269,1006.35738413462,1071.54655600962,985.825422596154,850.496683894231,945.421988942308
"Zambia",1147.1418348,1022.8601684,973.8916692,1023.2829564,922.9351836,990.012588,1007.0930528,1160.3431776,852.9304304,1014.1686252,1123.4453192,941.5034448,1015.0007412,825.9906756,1037.5086312,802.9243784,801.925216,990.4071648,1140.3038416,980.0074276,955.4588032,1136.588824,1095.7994568,917.4673232,966.3247384,1106.6088976,845.840934,1192.1279444,1101.7873832,1083.0636172,1070.2785364,1066.0135244,1080.8693432,1029.4221856,929.3197716,982.7436368
"Malawi",1170.08576052632,1199.78205,979.129228947368,1204.11570526316,949.201489473684,1166.39343421053,1224.35378421053,1293.76364736842,875.611302631579,1145.53368947368,1410.07647105263,881.892360526316,1102.04722105263,825.010721052632,1054.1349,873.288784210526,957.476207894737,1221.12736578947,1336.64224736842,992.082221052632,1155.28226052632,1232.43510263158,1244.90765263158,1125.08064473684,1151.91653684211,1292.46288684211,915.329342105263,1277.08388684211,1226.22847105263,1157.57626052632,1141.93559736842,1017.02616315789,1059.13973421053,1038.67539736842,1062.81248157895,1054.00827631579
"Mozambique",1004.0762835206,1017.2302093633,1031.9399741573,1031.87135468165,891.226526217229,1100.45111535581,1169.59706629213,1131.36111722846,836.408061423221,1034.02990674157,1187.06854007491,842.782035955056,988.146846816479,739.586628838951,975.133219101124,839.548992134831,886.759863670412,1108.64494344569,1219.03472359551,967.139704494382,1135.59525617978,1399.0999659176,1221.41489513109,890.523556179775,1014.1440752809,1112.1387741573,812.299848314607,1065.67498501873,1210.49803183521,1005.27023183521,921.414911985019,942.154547565543,918.003668164794,961.18503258427,1061.82213146067,1005.43063333333
"Comoros",1635.5152,2709.9828,1267.5707,1570.9454,1973.9694,1440.0821,1400.839,1163.0661,939.5161,959.1575,1268.4461,933.2594,1204.2911,724.7068,1018.9867,1032.9289,920.6466,1039.3639,785.2589,959.678,913.5197,810.3047,736.49,1036.5782,926.4051,1045.8794,836.098,1121.5824,675.0256,984.9665,792.2723,802.7585,1601.8015,1562.0723,1660.4252,1384.4285
"Madagascar",1558.08724221106,1564.42123718593,1599.03426080402,2045.2470959799,1609.01112964824,2022.79749798995,1642.98727135678,1709.94713517588,1422.73450703518,1378.00280452261,1783.56917135678,1233.52390603015,1514.81144623116,1387.7528120603,1471.15226934673,1563.86079045226,1531.31689095477,1445.37701708543,1384.68431306533,1537.74512763819,1364.19731356784,1532.45198592965,1414.27922462312,1654.64196582915,1683.59550351759,1819.01208994975,1513.71308090452,1522.50591708543,1768.11975527638,1378.00593819095,1433.2219919598,1328.42379095477,1374.8991040201,1562.36742964824,1275.47258944724,1328.46269547739
"Zimbabwe",636.422745588235,701.358794852941,882.047388970588,511.323290441176,524.825825,623.818688970588,803.377583823529,764.269110294118,517.981477941176,715.503134558824,707.712102205882,654.580247058823,552.777563970588,504.980280147059,708.319425735294,500.651208823529,489.115915441176,791.411556617647,842.334546323529,684.642053676471,747.128191911765,1043.82788676471,910.782320588235,430.661354411765,618.780266176471,789.947698529412,565.332529411765,738.014902941177,787.483677941176,699.676813970588,679.199980882353,710.658135294118,678.649000735294,535.765416176471,708.494019117647,793.614842647059
"Namibia",326.634099651568,267.959043554007,186.696420209059,266.601010801394,253.697034843206,235.525057491289,281.780403484321,290.563048083624,236.80563554007,324.250678397213,272.999069686411,283.416703135888,331.463860278746,145.438605923345,327.576132055749,252.371605923345,209.466257142857,240.953295470383,366.525820905923,193.011898954704,295.597516376307,366.981157491289,326.859530313589,264.892071428571,216.192040418118,331.950771777003,279.929283275261,569.745587804878,196.032102090592,432.092184320557,446.380385365854,320.693468641115,483.842493031359,332.796511149826,213.530613240418,338.390361324042
"Botswana",370.962069417476,435.049077669903,496.446275728155,345.250546601942,367.642938349515,287.702388349515,322.906775728155,392.835281067961,343.171290291262,559.152640291262,505.785834466019,334.405733009709,489.668538349515,253.492537378641,409.218501456311,319.337711650485,379.170099029126,505.969979611651,520.756529611651,396.962375728155,363.929663106796,717.332766990291,523.123766019418,310.149648543689,299.665320873786,484.544136893204,405.316446116505,714.901214563107,363.227272815534,498.02676407767,575.859387378641,585.752237378641,562.592210679612,382.320312621359,356.471134466019,564.483624757282
"Mauritius",715.8951,696.9182,678.6402,852.044,595.4866,521.8239,766.4826,635.9245,760.0676,574.9418,633.8895,505.4509,499.5949,555.7236,603.2469,471.6703,1070.5585,814.6027,625.0203,575.2715,475.9454,520.2611,432.6223,768.8114,790.1347,849.1037,929.5892,701.3451,516.4772,865.9169,600.3216,631.7221,565.6051,376.414,687.6288,679.0649
"Reunion",758.8567,705.3639,718.7776,836.2853,634.7472,637.5842,881.6978,734.0573,808.6505,610.4242,852.1692,513.1673,577.1869,494.1994,785.2252,598.3448,845.4096,785.2711,640.5067,631.7695,490.6357,510.1604,471.2392,897.5376,930.2768,631.145,817.3164,744.6678,725.3663,771.4556,806.7788,760.0456,694.3395,583.5258,764.8757,642.5049
"South Africa",467.972753555556,476.325430222222,597.503388444444,422.056162222222,463.345936444444,453.643839111111,560.953044666667,476.036059777778,536.310481111111,664.419883555556,570.100817777778,443.129823555556,576.431998666667,351.111026888889,511.577555111111,424.066892444444,564.255067111111,664.471079111111,558.741048888889,531.948558888889,447.017359777778,696.971414,626.888833555555,483.103546444444,368.342038222222,524.408078,445.669990888889,696.78058,488.333636666667,497.717762222222,565.648144444444,545.669331777778,559.019915111111,496.794339777778,469.509611777778,469.225771111111
"Swaziland",689.077,838.8442,958.1606,575.368,835.4492,1150.5943,859.8342,734.4682,959.0647,904.2257,962.9286,733.5873,855.7725,568.8355,813.3813,667.7359,841.4688,1031.219,976.06,894.1075,940.8339,1378.1983,820.2678,564.9937,503.5961,902.3679,724.3033,1071.932,685.4824,720.8084,943.5793,886.2214,708.2977,876.6267,928.2339,725.4511
"Lesotho",790.925091666667,718.132575,879.166958333333,682.883783333333,757.370916666667,734.608625,853.892866666667,857.487325,983.099908333333,1091.533075,918.767908333333,694.013316666667,904.462975,559.196883333333,833.070141666667,686.602583333333,893.985316666667,1069.81729166667,974.924483333333,945.22155,642.158275,987.787933333333,982.212,817.915408333333,622.363291666667,844.4144,806.540233333333,1121.246825,726.876291666667,825.418566666667,939.907766666667,897.401525,850.9891,821.996391666667,743.326666666667,650.459725
